1686169179, 39.175, 32.82, 34.8125
1686169183, 39.175, 32.82, 61.8875
1686169187, 62.97500000000001, 39.805, 61.8875
1686169191, 62.97500000000001, 39.805, 61.8875
1686169194, 62.97500000000001, 39.805, 61.8875
1686169199, 62.97500000000001, 34.43, 36.2625
1686169202, 76.825, 34.43, 36.2625
1686169206, 76.825, 34.43, 36.2625
1686169210, 76.825, 34.43, 36.2625
1686169214, 83.9, 35.955, 59.7875
1686169218, 83.9, 35.955, 59.7875
1686169221, 83.9, 35.955, 59.7875
1686169225, 83.9, 35.955, 59.7875
1686169229, 83.9, 41.39, 60.400000000000006
1686169233, 71.625, 41.39, 60.400000000000006
1686169236, 71.625, 41.39, 60.400000000000006
1686169240, 71.625, 41.39, 60.400000000000006
1686169244, 71.625, 34.955, 40.675
1686169248, 50.574999999999996, 34.955, 40.675
1686169252, 50.574999999999996, 34.955, 40.675
1686169256, 50.574999999999996, 34.955, 40.675
1686169260, 93.8, 47.05, 65.6125
1686169264, 93.8, 47.05, 65.6125
1686169267, 93.8, 47.05, 65.6125
1686169271, 93.8, 47.05, 65.6125
1686169274, 88.475, 62.285, 60.6875
1686169279, 88.475, 62.285, 60.6875
1686169282, 88.475, 62.285, 60.6875
1686169286, 88.475, 62.285, 60.6875
1686169290, 48.75, 49.22, 46.3875
1686169294, 48.75, 49.22, 46.3875
1686169298, 48.75, 49.22, 46.3875
1686169301, 48.75, 49.22, 46.3875
1686169305, 70.35, 38.985, 43.087500000000006
1686169309, 70.35, 38.985, 43.087500000000006
1686169312, 70.35, 38.985, 43.087500000000006
1686169316, 70.35, 38.985, 43.087500000000006
1686169320, 87.80000000000001, 49.055, 64.69999999999999
1686169323, 87.80000000000001, 49.055, 64.69999999999999
1686169326, 87.80000000000001, 49.055, 64.69999999999999
1686169330, 87.80000000000001, 49.055, 64.69999999999999
1686169333, 87.80000000000001, 49.99, 72.6125
1686169337, 69.3, 49.99, 72.6125
1686169341, 69.3, 49.99, 72.6125
1686169345, 69.3, 49.99, 72.6125
1686169349, 69.3, 36.11, 44.9375
1686169353, 60.575, 36.11, 44.9375
1686169356, 60.575, 36.11, 44.9375
1686169360, 60.575, 36.11, 44.9375
1686169363, 60.575, 43.83, 62.2
1686169367, 81.0, 43.83, 62.2
1686169371, 81.0, 43.83, 62.2
1686169375, 81.0, 43.83, 62.2
1686169379, 81.0, 48.754999999999995, 66.7625
1686169383, 74.19999999999999, 48.754999999999995, 66.7625
1686169387, 74.19999999999999, 48.754999999999995, 66.7625
1686169391, 74.19999999999999, 48.754999999999995, 66.7625
1686169395, 65.4, 41.265, 52.825
1686169398, 65.4, 41.265, 52.825
1686169402, 65.4, 41.265, 52.825
1686169405, 65.4, 41.265, 52.825
1686169409, 65.4, 45.19, 63.7375
1686169412, 90.45, 45.19, 63.7375
1686169415, 90.45, 45.19, 63.7375
1686169419, 90.45, 45.19, 63.7375
1686169423, 90.45, 46.934999999999995, 82.5375
1686169426, 81.22500000000001, 54.04, 82.5375
1686169430, 81.22500000000001, 54.04, 82.5375
1686169434, 81.22500000000001, 54.04, 82.5375
1686169437, 81.22500000000001, 54.04, 82.5375
1686169440, 48.75000000000001, 43.065000000000005, 53.2375
1686169444, 48.75000000000001, 43.065000000000005, 53.2375
1686169448, 48.75000000000001, 43.065000000000005, 53.2375
1686169452, 48.75000000000001, 43.065000000000005, 53.2375
1686169456, 70.60000000000001, 42.315, 53.6875
1686169459, 70.60000000000001, 42.315, 53.6875
1686169462, 70.60000000000001, 42.315, 53.6875
1686169466, 70.60000000000001, 42.315, 53.6875
1686169470, 83.125, 49.485, 67.1625
1686169473, 83.125, 49.485, 67.1625
1686169477, 83.125, 49.485, 67.1625
1686169481, 83.125, 49.485, 67.1625
1686169484, 71.5, 52.325, 72.85
1686169488, 71.5, 52.325, 72.85
1686169492, 71.5, 52.325, 72.85
1686169496, 71.5, 52.325, 72.85
1686169500, 65.95, 49.635000000000005, 52.425
1686169504, 65.95, 49.635000000000005, 52.425
1686169507, 65.95, 49.635000000000005, 52.425
1686169511, 65.95, 49.635000000000005, 52.425
1686169514, 84.175, 46.705, 65.1125
1686169518, 84.175, 46.705, 65.1125
1686169522, 84.175, 46.705, 65.1125
1686169526, 84.175, 46.705, 65.1125
1686169530, 71.725, 52.214999999999996, 83.8375
1686169534, 71.725, 52.214999999999996, 83.8375
1686169538, 71.725, 52.214999999999996, 83.8375
1686169542, 71.725, 52.214999999999996, 47.137499999999996
1686169547, 69.375, 42.21, 47.137499999999996
1686169551, 69.375, 42.21, 47.137499999999996
1686169554, 69.375, 42.21, 47.137499999999996
1686169558, 69.375, 42.21, 70.7
1686169562, 81.5, 49.989999999999995, 70.7
1686169566, 81.5, 49.989999999999995, 70.7
1686169569, 81.5, 49.989999999999995, 70.7
1686169572, 81.5, 49.989999999999995, 74.3375
1686169576, 70.55, 54.9, 74.3375
1686169580, 70.55, 54.9, 74.3375
1686169584, 70.55, 54.9, 74.3375
1686169587, 70.55, 54.9, 55.75
1686169591, 69.14999999999999, 40.95, 55.75
1686169595, 69.14999999999999, 40.95, 55.75
1686169598, 69.14999999999999, 40.95, 55.75
1686169602, 69.14999999999999, 40.95, 77.96249999999999
1686169606, 93.30000000000001, 61.055, 77.96249999999999
1686169609, 93.30000000000001, 61.055, 77.96249999999999
1686169614, 93.30000000000001, 61.055, 77.96249999999999
1686169618, 93.30000000000001, 61.055, 73.05
1686169621, 74.07499999999999, 52.185, 73.05
1686169625, 74.07499999999999, 52.185, 73.05
1686169629, 74.07499999999999, 52.185, 73.05
1686169632, 74.07499999999999, 52.185, 50.8125
1686169636, 56.8, 52.655, 50.8125
1686169639, 56.8, 52.655, 50.8125
1686169643, 56.8, 52.655, 50.8125
1686169646, 56.8, 52.655, 50.8125
1686169650, 92.375, 52.855000000000004, 80.9125
1686169654, 92.375, 52.855000000000004, 80.9125
1686169658, 92.375, 52.855000000000004, 80.9125
1686169662, 92.375, 52.855000000000004, 80.9125
1686169665, 75.92500000000001, 54.93000000000001, 63.475
1686169669, 75.92500000000001, 54.93000000000001, 63.475
1686169673, 75.92500000000001, 54.93000000000001, 63.475
1686169676, 75.92500000000001, 54.93000000000001, 63.475
1686169680, 67.325, 41.175, 56.25
1686169684, 67.325, 41.175, 56.25
1686169688, 67.325, 41.175, 56.25
1686169693, 67.325, 41.175, 75.8875
1686169697, 87.9, 49.635000000000005, 75.8875
1686169700, 87.9, 49.635000000000005, 75.8875
1686169704, 87.9, 49.635000000000005, 75.8875
1686169708, 87.9, 49.635000000000005, 77.3875
1686169712, 71.35, 55.445, 77.3875
1686169715, 71.35, 55.445, 77.3875
1686169719, 71.35, 55.445, 77.3875
1686169723, 71.35, 46.92, 54.449999999999996
1686169727, 64.175, 45.895, 54.449999999999996
1686169731, 64.175, 45.895, 54.449999999999996
1686169734, 64.175, 45.895, 54.449999999999996
1686169738, 64.175, 52.32, 66.5375
1686169742, 86.75, 54.985, 66.5375
1686169745, 86.75, 54.985, 66.5375
1686169749, 86.75, 54.985, 66.5375
1686169752, 86.75, 54.985, 84.1375
1686169756, 85.6, 62.96, 84.1375
1686169760, 85.6, 62.96, 84.1375
1686169763, 85.6, 62.96, 84.1375
1686169767, 85.6, 62.96, 84.1375
1686169771, 47.050000000000004, 42.57, 67.0125
1686169775, 47.050000000000004, 42.57, 67.0125
1686169779, 47.050000000000004, 42.57, 67.0125
1686169782, 47.050000000000004, 42.57, 51.6625
1686169785, 71.05, 39.83, 51.6625
1686169789, 71.05, 39.83, 51.6625
1686169793, 71.05, 39.83, 51.6625
1686169796, 71.05, 39.83, 51.6625
1686169800, 91.575, 51.785, 73.9625
1686169804, 91.575, 51.785, 73.9625
1686169807, 91.575, 51.785, 73.9625
1686169811, 91.575, 51.785, 73.9625
1686169814, 73.47500000000001, 56.33500000000001, 85.05000000000001
1686169818, 73.47500000000001, 56.33500000000001, 85.05000000000001
1686169822, 73.47500000000001, 56.33500000000001, 85.05000000000001
1686169826, 73.47500000000001, 56.33500000000001, 85.05000000000001
1686169829, 64.95, 47.755, 54.1875
1686169832, 64.95, 47.755, 54.1875
1686169835, 64.95, 47.755, 54.1875
1686169839, 64.95, 47.755, 54.1875
1686169842, 64.95, 45.925000000000004, 64.6875
1686169846, 73.65, 47.934999999999995, 64.6875
1686169849, 73.65, 47.934999999999995, 64.6875
1686169853, 73.65, 47.934999999999995, 64.6875
1686169856, 73.65, 47.934999999999995, 64.6875
1686169860, 86.275, 51.79, 84.3125
1686169863, 86.275, 51.79, 84.3125
1686169867, 86.275, 51.79, 84.3125
1686169871, 86.275, 51.79, 84.3125
1686169875, 74.7, 47.55, 66.8125
1686169878, 74.7, 47.55, 66.8125
1686169882, 74.7, 47.55, 66.8125
1686169886, 74.7, 47.55, 66.8125
1686169889, 65.175, 47.525, 49.837500000000006
1686169892, 65.175, 47.525, 49.837500000000006
1686169896, 65.175, 47.525, 49.837500000000006
1686169899, 65.175, 47.525, 49.837500000000006
1686169903, 65.175, 52.16, 77.0625
1686169907, 85.85, 52.16, 77.0625
1686169911, 85.85, 52.16, 77.0625
1686169914, 85.85, 52.16, 77.0625
1686169918, 85.85, 52.16, 84.7625
1686169921, 79.19999999999999, 53.3, 84.7625
1686169925, 79.19999999999999, 53.3, 84.7625
1686169928, 79.19999999999999, 53.3, 84.7625
1686169932, 79.19999999999999, 53.3, 84.7625
1686169935, 68.325, 45.885, 49.52499999999999
1686169938, 68.325, 45.885, 49.52499999999999
1686169941, 68.325, 45.885, 49.52499999999999
1686169945, 68.325, 45.885, 49.52499999999999
1686169948, 74.425, 45.11000000000001, 60.449999999999996
1686169952, 75.375, 45.11000000000001, 60.449999999999996
1686169954, 75.375, 45.11000000000001, 60.449999999999996
1686169958, 75.375, 45.11000000000001, 60.449999999999996
1686169962, 75.375, 45.11000000000001, 65.8
1686169966, 91.57499999999999, 55.334999999999994, 80.725
1686169970, 91.57499999999999, 55.334999999999994, 80.725
1686169974, 91.57499999999999, 55.334999999999994, 80.725
1686169977, 91.57499999999999, 55.334999999999994, 74.825
1686169981, 77.15, 57.330000000000005, 74.825
1686169984, 77.15, 57.330000000000005, 74.825
1686169988, 77.15, 57.330000000000005, 74.825
1686169991, 77.15, 57.330000000000005, 74.825
1686169994, 70.8, 51.12, 51.699999999999996
1686169998, 70.8, 51.12, 51.699999999999996
1686170002, 70.8, 51.12, 51.699999999999996
1686170005, 70.8, 51.12, 51.699999999999996
1686170008, 70.8, 51.795, 73.8
1686170011, 91.17500000000001, 51.795, 73.8
1686170015, 91.17500000000001, 51.795, 73.8
1686170019, 91.17500000000001, 51.795, 73.8
1686170024, 91.17500000000001, 54.440000000000005, 71.9875
1686170028, 80.1, 54.440000000000005, 71.9875
1686170031, 80.1, 54.440000000000005, 71.9875
1686170035, 80.1, 54.440000000000005, 71.9875
1686170039, 46.2, 40.480000000000004, 48.1625
1686170042, 46.2, 40.480000000000004, 48.1625
1686170046, 46.2, 40.480000000000004, 48.1625
1686170050, 46.2, 40.480000000000004, 48.1625
1686170054, 67.42500000000001, 42.245, 59.237500000000004
1686170058, 67.42500000000001, 42.245, 59.237500000000004
1686170061, 67.42500000000001, 42.245, 59.237500000000004
1686170065, 67.42500000000001, 42.245, 59.237500000000004
1686170069, 86.175, 55.17, 85.4375
1686170073, 86.175, 55.17, 85.4375
1686170077, 86.175, 55.17, 85.4375
1686170081, 86.175, 55.17, 85.4375
1686170085, 78.19999999999999, 52.55500000000001, 75.0
1686170089, 78.19999999999999, 52.55500000000001, 75.0
1686170092, 78.19999999999999, 52.55500000000001, 75.0
1686170096, 78.19999999999999, 52.55500000000001, 75.0
1686170099, 69.625, 53.695, 70.23750000000001
1686170103, 69.625, 53.695, 70.23750000000001
1686170107, 69.625, 53.695, 70.23750000000001
1686170110, 69.625, 53.695, 70.23750000000001
1686170115, 83.07499999999999, 52.455, 65.25
1686170118, 83.07499999999999, 52.455, 65.25
1686170123, 83.07499999999999, 52.455, 65.25
1686170126, 83.07499999999999, 52.455, 65.25
1686170130, 71.05, 55.295, 73.71249999999999
1686170134, 71.05, 55.295, 73.71249999999999
1686170137, 71.05, 55.295, 73.71249999999999
1686170141, 71.05, 55.295, 73.71249999999999
1686170145, 68.15, 53.825, 49.349999999999994
1686170149, 68.15, 53.825, 49.349999999999994
1686170152, 68.15, 53.825, 49.349999999999994
1686170155, 68.15, 53.825, 49.349999999999994
1686170158, 85.425, 61.195, 84.425
1686170162, 85.425, 61.195, 84.425
1686170166, 85.425, 61.195, 84.425
1686170170, 85.425, 61.195, 84.425
1686170174, 81.375, 49.565000000000005, 55.85
1686170178, 68.225, 49.565000000000005, 55.85
1686170182, 68.225, 49.565000000000005, 55.85
1686170186, 68.225, 49.565000000000005, 55.85
1686170189, 59.375, 38.305, 63.675
1686170193, 59.375, 38.305, 63.675
1686170197, 59.375, 38.305, 63.675
1686170201, 59.375, 38.305, 63.675
1686170205, 88.125, 49.995000000000005, 76.1875
1686170209, 88.125, 49.995000000000005, 76.1875
1686170212, 88.125, 49.995000000000005, 76.1875
1686170216, 88.125, 49.995000000000005, 76.1875
1686170220, 64.825, 53.46000000000001, 69.8875
1686170224, 64.825, 53.46000000000001, 69.8875
1686170229, 64.825, 53.46000000000001, 69.8875
1686170233, 64.825, 41.195, 54.375
1686170237, 76.95, 41.195, 54.375
1686170241, 76.95, 41.195, 54.375
1686170245, 76.95, 41.195, 54.375
1686170248, 76.95, 65.625, 84.8
1686170252, 92.375, 65.625, 84.8
1686170256, 92.375, 65.625, 84.8
1686170259, 92.375, 65.625, 84.8
1686170262, 92.375, 65.625, 65.225
1686170266, 83.875, 55.775, 65.225
1686170269, 83.875, 55.775, 65.225
1686170273, 83.875, 55.775, 65.225
1686170276, 83.875, 55.775, 65.225
1686170280, 46.425000000000004, 55.89, 63.212500000000006
1686170284, 46.425000000000004, 55.89, 63.212500000000006
1686170288, 46.425000000000004, 55.89, 63.212500000000006
1686170292, 46.425000000000004, 49.13, 52.25
1686170296, 76.14999999999999, 41.330000000000005, 52.25
1686170300, 76.14999999999999, 41.330000000000005, 52.25
1686170304, 76.14999999999999, 41.330000000000005, 52.25
1686170307, 76.14999999999999, 41.330000000000005, 82.67500000000001
1686170311, 93.75, 57.38999999999999, 82.67500000000001
1686170315, 93.75, 57.38999999999999, 82.67500000000001
1686170319, 93.75, 57.38999999999999, 82.67500000000001
1686170323, 93.75, 51.709999999999994, 68.45
1686170326, 79.65, 51.09, 68.45
1686170331, 79.65, 51.09, 68.45
1686170334, 79.65, 51.09, 68.45
1686170338, 79.65, 41.825, 69.8
1686170342, 61.599999999999994, 41.825, 69.8
1686170346, 61.599999999999994, 41.825, 69.8
1686170350, 61.599999999999994, 41.825, 69.8
1686170354, 89.975, 54.775, 78.675
1686170357, 89.975, 54.775, 78.675
1686170361, 89.975, 54.775, 78.675
1686170365, 89.975, 54.775, 78.675
1686170369, 69.05, 54.510000000000005, 75.22500000000001
1686170374, 69.05, 54.510000000000005, 75.22500000000001
1686170377, 69.05, 54.510000000000005, 75.22500000000001
1686170381, 69.05, 54.510000000000005, 75.22500000000001
1686170385, 72.15, 42.105000000000004, 47.875
1686170389, 72.15, 42.105000000000004, 47.875
1686170393, 72.15, 42.105000000000004, 47.875
1686170398, 72.15, 46.31, 78.75
1686170402, 86.04999999999998, 54.975, 78.75
1686170405, 86.04999999999998, 54.975, 78.75
1686170410, 86.04999999999998, 54.975, 78.75
1686170413, 86.04999999999998, 55.77, 83.35
1686170417, 80.05, 55.77, 83.35
1686170421, 80.05, 55.77, 83.35
1686170425, 80.05, 55.77, 83.35
1686170429, 80.05, 39.68, 51.35
1686170432, 47.650000000000006, 39.68, 51.35
1686170436, 47.650000000000006, 39.68, 51.35
1686170440, 47.650000000000006, 39.68, 51.35
1686170444, 47.650000000000006, 40.085, 44.1875
1686170448, 64.675, 40.085, 44.1875
1686170451, 64.675, 40.085, 44.1875
1686170455, 64.675, 40.085, 44.1875
1686170459, 84.625, 49.78, 64.375
1686170462, 84.625, 49.78, 64.375
1686170466, 84.625, 49.78, 64.375
1686170471, 84.625, 49.78, 64.375
1686170475, 74.975, 55.69500000000001, 84.625
1686170479, 74.975, 55.69500000000001, 84.625
1686170483, 74.975, 55.69500000000001, 84.625
1686170487, 74.975, 55.69500000000001, 60.5125
1686170491, 72.7, 51.04, 52.85
1686170495, 72.7, 51.04, 52.85
1686170498, 72.7, 51.04, 52.85
1686170502, 72.7, 51.04, 77.9375
1686170506, 85.575, 49.15, 77.9375
1686170509, 85.575, 49.15, 77.9375
1686170513, 85.575, 49.15, 77.9375
1686170516, 85.575, 49.15, 77.9375
1686170520, 74.7, 51.050000000000004, 85.275
1686170523, 74.7, 51.050000000000004, 85.275
1686170527, 74.7, 51.050000000000004, 85.275
1686170531, 74.7, 51.050000000000004, 85.275
1686170535, 69.0, 48.89, 50.475
1686170539, 69.0, 48.89, 50.475
1686170542, 69.0, 48.89, 50.475
1686170546, 69.0, 48.89, 50.475
1686170549, 76.5, 50.515, 56.837500000000006
1686170552, 76.5, 50.515, 56.837500000000006
1686170556, 76.5, 50.515, 56.837500000000006
1686170560, 76.5, 50.515, 56.837500000000006
1686170564, 91.39999999999999, 50.675, 74.2625
1686170568, 91.39999999999999, 50.675, 74.2625
1686170572, 91.39999999999999, 50.675, 74.2625
1686170576, 91.39999999999999, 50.675, 74.2625
1686170580, 66.19999999999999, 51.905, 79.64999999999999
1686170584, 66.19999999999999, 51.905, 79.64999999999999
1686170587, 66.19999999999999, 51.905, 79.64999999999999
1686170590, 66.19999999999999, 51.905, 79.64999999999999
1686170595, 69.35, 40.955, 49.9125
1686170599, 69.35, 40.955, 49.9125
1686170601, 69.35, 40.955, 49.9125
1686170605, 69.35, 40.955, 49.9125
1686170608, 83.05000000000001, 52.075, 70.35
1686170612, 89.07499999999999, 52.075, 70.35
1686170616, 89.07499999999999, 52.075, 70.35
1686170620, 89.07499999999999, 52.075, 70.35
1686170624, 89.07499999999999, 54.175, 85.55000000000001
1686170628, 70.125, 54.175, 85.55000000000001
1686170631, 70.125, 54.175, 85.55000000000001
1686170635, 70.125, 54.175, 85.55000000000001
1686170639, 64.2, 39.254999999999995, 51.650000000000006
1686170643, 64.2, 39.254999999999995, 51.650000000000006
1686170646, 64.2, 39.254999999999995, 51.650000000000006
1686170650, 64.2, 39.254999999999995, 51.650000000000006
1686170653, 81.3, 50.12, 63.02499999999999
1686170656, 81.3, 50.12, 63.02499999999999
1686170659, 81.3, 50.12, 63.02499999999999
1686170663, 81.3, 50.12, 63.02499999999999
1686170666, 81.3, 50.12, 63.02499999999999
1686170671, 62.10000000000001, 53.995000000000005, 87.2375
1686170674, 62.10000000000001, 53.995000000000005, 87.2375
1686170677, 62.10000000000001, 53.995000000000005, 87.2375
1686170681, 62.10000000000001, 53.995000000000005, 87.2375
1686170685, 77.0, 42.69, 44.4625
1686170689, 77.0, 42.69, 44.4625
1686170693, 77.0, 42.69, 44.4625
1686170697, 77.0, 42.69, 54.12500000000001
1686170701, 64.85, 45.2, 57.3375
1686170704, 64.85, 45.2, 57.3375
1686170708, 64.85, 45.2, 57.3375
1686170712, 64.85, 45.2, 72.0
1686170716, 82.65, 51.695, 72.0
1686170719, 82.65, 51.695, 72.0
1686170723, 82.65, 51.695, 72.0
1686170727, 82.65, 51.695, 72.0
1686170730, 79.45, 51.800000000000004, 76.0125
1686170734, 79.45, 51.800000000000004, 76.0125
1686170738, 79.45, 51.800000000000004, 76.0125
1686170741, 79.45, 51.800000000000004, 76.0125
1686170744, 69.175, 42.400000000000006, 48.7625
1686170748, 69.175, 42.400000000000006, 48.7625
1686170752, 69.175, 42.400000000000006, 48.7625
1686170755, 69.175, 42.400000000000006, 48.7625
1686170760, 84.075, 52.74, 73.45
1686170763, 84.075, 52.74, 73.45
1686170767, 84.075, 52.74, 73.45
1686170771, 84.075, 52.74, 73.45
1686170775, 76.10000000000001, 48.985, 65.7875
1686170778, 76.10000000000001, 48.985, 65.7875
1686170782, 76.10000000000001, 48.985, 65.7875
1686170786, 76.10000000000001, 48.985, 65.7875
1686170790, 76.4, 41.965, 48.8875
1686170793, 76.4, 41.965, 48.8875
1686170797, 76.4, 41.965, 48.8875
1686170801, 76.4, 41.965, 48.8875
1686170804, 84.775, 46.335, 62.3625
1686170808, 84.775, 46.335, 62.3625
1686170811, 84.775, 46.335, 62.3625
1686170815, 84.775, 46.335, 62.3625
1686170819, 84.775, 51.66, 73.275
1686170823, 73.825, 53.96, 73.275
1686170826, 73.825, 53.96, 73.275
1686170830, 73.825, 53.96, 73.275
1686170834, 67.275, 39.535, 43.487500000000004
1686170837, 67.275, 39.535, 43.487500000000004
1686170841, 67.275, 39.535, 43.487500000000004
1686170845, 67.275, 39.535, 43.487500000000004
1686170848, 74.95, 49.235, 70.4625
1686170852, 95.05, 49.235, 70.4625
1686170855, 95.05, 49.235, 70.4625
1686170859, 95.05, 49.235, 70.4625
1686170863, 95.05, 50.80500000000001, 79.27499999999999
1686170867, 80.45, 54.705, 79.27499999999999
1686170870, 80.45, 54.705, 79.27499999999999
1686170873, 80.45, 54.705, 79.27499999999999
1686170877, 80.45, 54.705, 59.2
1686170881, 47.875, 42.13, 59.2
1686170884, 47.875, 42.13, 59.2
1686170888, 47.875, 42.13, 59.2
1686170893, 47.875, 42.13, 52.7
1686170897, 66.85, 39.37, 52.7
1686170901, 66.85, 39.37, 52.7
1686170904, 66.85, 39.37, 52.7
1686170908, 66.85, 55.035000000000004, 72.88749999999999
1686170912, 89.55000000000001, 55.035000000000004, 72.88749999999999
1686170915, 89.55000000000001, 55.035000000000004, 72.88749999999999
1686170919, 89.55000000000001, 55.035000000000004, 72.88749999999999
1686170923, 89.55000000000001, 58.535000000000004, 75.35
1686170926, 82.475, 58.535000000000004, 75.35
1686170930, 82.475, 58.535000000000004, 75.35
1686170933, 82.475, 58.535000000000004, 75.35
1686170936, 82.475, 58.535000000000004, 75.35
1686170940, 46.475, 58.105000000000004, 46.875
1686170945, 46.475, 58.105000000000004, 46.875
1686170948, 46.475, 58.105000000000004, 46.875
1686170952, 46.475, 58.105000000000004, 48.4375
1686170955, 68.225, 43.50999999999999, 48.4375
1686170959, 68.225, 43.50999999999999, 48.4375
1686170963, 68.225, 43.50999999999999, 48.4375
1686170966, 68.225, 43.50999999999999, 48.4375
1686170971, 89.4, 51.11000000000001, 69.2625
1686170974, 89.4, 51.11000000000001, 69.2625
1686170978, 89.4, 51.11000000000001, 69.2625
1686170982, 89.4, 51.11000000000001, 79.9
1686170986, 77.675, 57.94, 79.9
1686170989, 77.675, 57.94, 79.9
1686170993, 77.675, 57.94, 79.9
1686170997, 77.675, 57.94, 51.0625
1686171001, 65.475, 44.695, 51.0625
1686171004, 65.475, 44.695, 51.0625
1686171008, 65.475, 44.695, 51.0625
1686171012, 65.475, 44.695, 51.0625
1686171015, 85.375, 48.615, 64.325
1686171019, 85.375, 48.615, 64.325
1686171022, 85.375, 48.615, 64.325
1686171026, 85.375, 48.615, 64.325
1686171030, 66.1, 53.464999999999996, 82.675
1686171034, 66.1, 53.464999999999996, 82.675
1686171038, 66.1, 53.464999999999996, 82.675
1686171041, 66.1, 53.464999999999996, 82.675
1686171046, 72.775, 39.120000000000005, 46.025000000000006
1686171050, 72.775, 39.120000000000005, 46.025000000000006
1686171054, 72.775, 39.120000000000005, 46.025000000000006
1686171058, 72.775, 44.705, 56.1
1686171062, 83.425, 53.57, 56.1
1686171066, 83.425, 53.57, 56.1
1686171070, 83.425, 53.57, 56.1
1686171073, 76.425, 56.09, 77.8375
1686171077, 76.425, 56.09, 77.8375
1686171080, 76.425, 56.09, 77.8375
1686171084, 76.425, 56.09, 77.8375
1686171088, 76.425, 52.675, 66.85
1686171091, 68.25, 52.675, 66.85
1686171095, 68.25, 52.675, 66.85
1686171099, 68.25, 52.675, 66.85
1686171103, 68.25, 54.05, 73.2
1686171107, 89.92500000000001, 54.05, 73.2
1686171111, 89.92500000000001, 54.05, 73.2
1686171115, 89.92500000000001, 54.05, 73.2
1686171120, 79.85, 61.19499999999999, 82.41250000000001
1686171123, 79.85, 61.19499999999999, 82.41250000000001
1686171127, 79.85, 61.19499999999999, 82.41250000000001
1686171130, 79.85, 61.19499999999999, 82.41250000000001
1686171134, 74.35, 55.505, 50.787499999999994
1686171138, 74.35, 55.505, 50.787499999999994
1686171141, 74.35, 55.505, 50.787499999999994
1686171144, 74.35, 55.505, 50.787499999999994
1686171148, 74.35, 46.815, 63.300000000000004
1686171151, 73.69999999999999, 46.815, 63.300000000000004
1686171155, 73.69999999999999, 46.815, 63.300000000000004
1686171158, 73.69999999999999, 46.815, 63.300000000000004
1686171162, 73.69999999999999, 46.815, 63.300000000000004
1686171165, 90.32499999999999, 56.985, 87.85
1686171169, 90.32499999999999, 56.985, 87.85
1686171173, 90.32499999999999, 56.985, 87.85
1686171176, 90.32499999999999, 56.985, 87.85
1686171180, 78.55000000000001, 53.56999999999999, 74.75
1686171185, 78.55000000000001, 53.56999999999999, 74.75
1686171188, 78.55000000000001, 53.56999999999999, 74.75
1686171192, 78.55000000000001, 53.56999999999999, 58.21249999999999
1686171196, 68.875, 44.795, 58.21249999999999
1686171200, 68.875, 44.795, 58.21249999999999
1686171204, 68.875, 44.795, 58.21249999999999
1686171208, 68.875, 53.474999999999994, 70.3375
1686171212, 84.95, 53.474999999999994, 70.3375
1686171215, 84.95, 53.474999999999994, 70.3375
1686171219, 84.95, 53.474999999999994, 70.3375
1686171223, 84.95, 53.515, 75.3125
1686171227, 73.64999999999999, 53.515, 75.3125
1686171231, 73.64999999999999, 53.515, 75.3125
1686171234, 73.64999999999999, 53.515, 75.3125
1686171238, 73.64999999999999, 43.645, 50.300000000000004
1686171241, 59.650000000000006, 43.645, 50.300000000000004
1686171245, 59.650000000000006, 43.645, 50.300000000000004
1686171248, 59.650000000000006, 43.645, 50.300000000000004
1686171252, 59.650000000000006, 43.645, 73.48750000000001
1686171255, 83.95, 58.93, 73.48750000000001
1686171259, 83.95, 58.93, 73.48750000000001
1686171263, 83.95, 58.93, 73.48750000000001
1686171266, 83.95, 58.93, 73.48750000000001
1686171270, 72.325, 53.17, 71.5
1686171275, 72.325, 53.17, 71.5
1686171278, 72.325, 53.17, 71.5
1686171282, 72.325, 53.17, 58.8375
1686171286, 69.85, 42.42, 58.8375
1686171290, 69.85, 42.42, 58.8375
1686171294, 69.85, 42.42, 58.8375
1686171297, 69.85, 44.010000000000005, 87.0375
1686171302, 86.22500000000001, 53.325, 87.0375
1686171305, 86.22500000000001, 53.325, 87.0375
1686171309, 86.22500000000001, 53.325, 87.0375
1686171312, 86.22500000000001, 53.325, 55.05
1686171316, 74.9, 53.31, 55.05
1686171320, 74.9, 53.31, 55.05
1686171324, 74.9, 53.31, 55.05
1686171328, 74.9, 37.644999999999996, 60.275
1686171332, 61.7, 37.644999999999996, 60.275
1686171336, 61.7, 37.644999999999996, 60.275
1686171340, 61.7, 37.644999999999996, 60.275
1686171343, 75.1, 49.905, 74.9625
1686171347, 82.27499999999999, 49.905, 74.9625
1686171351, 82.27499999999999, 49.905, 74.9625
1686171355, 82.27499999999999, 49.905, 74.9625
1686171358, 82.27499999999999, 49.905, 69.2625
1686171362, 76.15, 52.290000000000006, 69.2625
1686171366, 76.15, 52.290000000000006, 69.2625
1686171369, 76.15, 52.290000000000006, 69.2625
1686171373, 76.15, 43.63, 55.5
1686171377, 57.325, 43.63, 55.5
1686171381, 57.325, 43.63, 55.5
1686171384, 57.325, 43.63, 55.5
1686171388, 57.325, 49.015, 65.75
1686171391, 81.7, 47.365, 65.75
1686171395, 81.7, 47.365, 65.75
1686171398, 81.7, 47.365, 65.75
1686171401, 81.7, 47.365, 65.75
1686171405, 64.325, 39.91, 52.8625
1686171408, 64.325, 39.91, 52.8625
1686171412, 64.325, 39.91, 52.8625
1686171416, 64.325, 39.91, 52.8625
1686171419, 52.45, 36.775, 43.6875
1686171422, 52.45, 36.775, 43.6875
1686171426, 52.45, 36.775, 43.6875
1686171431, 52.45, 36.775, 43.6875
1686171434, 57.875, 42.36, 58.537499999999994
1686171437, 57.875, 42.36, 58.537499999999994
1686171440, 57.875, 42.36, 58.537499999999994
1686171444, 57.875, 42.36, 58.537499999999994
1686171448, 57.875, 42.36, 42.525000000000006
1686171452, 41.550000000000004, 39.32, 42.525000000000006
1686171455, 41.550000000000004, 39.32, 42.525000000000006
1686171459, 41.550000000000004, 39.32, 42.525000000000006
1686171463, 41.550000000000004, 38.955, 45.1125
1686171466, 44.325, 38.955, 45.1125
1686171470, 44.325, 38.955, 45.1125
1686171474, 44.325, 38.955, 45.1125
1686171478, 44.325, 38.955, 48.3875
1686171481, 47.675, 55.495, 48.3875
1686171485, 47.675, 55.495, 48.3875
1686171489, 47.675, 55.495, 48.3875
1686171493, 47.675, 55.495, 56.925
