1686086284, 36.8, 35.654999999999994, 38.1625
1686086287, 36.8, 35.654999999999994, 38.1625
1686086289, 36.8, 35.654999999999994, 38.1625
1686086293, 36.8, 35.654999999999994, 61.78750000000001
1686086299, 29.125000000000004, 90.75, 61.78750000000001
1686086302, 29.125000000000004, 90.75, 61.78750000000001
1686086306, 29.125000000000004, 90.75, 61.78750000000001
1686086310, 38.225, 85.13, 74.5875
1686086313, 40.475, 85.13, 74.5875
1686086315, 40.475, 85.13, 74.5875
1686086317, 40.475, 85.13, 74.5875
1686086322, 40.475, 85.13, 74.5875
1686086324, 48.825, 66.065, 61.85
1686086327, 56.325, 66.065, 61.85
1686086330, 56.325, 66.065, 61.85
1686086332, 56.325, 66.065, 61.85
1686086335, 56.325, 66.065, 61.85
1686086338, 56.325, 66.065, 61.487500000000004
1686086340, 47.75, 64.705, 57.675000000000004
1686086344, 47.75, 64.705, 57.675000000000004
1686086347, 47.75, 64.705, 57.675000000000004
1686086350, 47.75, 64.705, 57.675000000000004
1686086352, 47.75, 64.705, 57.675000000000004
1686086355, 53.4, 88.915, 72.28750000000001
1686086358, 53.4, 88.915, 72.28750000000001
1686086361, 53.4, 88.915, 72.28750000000001
1686086363, 53.4, 88.915, 72.28750000000001
1686086367, 53.4, 88.915, 72.28750000000001
1686086370, 54.3, 65.63, 66.425
1686086372, 51.45, 65.63, 66.425
1686086375, 51.45, 65.63, 66.425
1686086378, 51.45, 65.63, 66.425
1686086381, 51.45, 65.63, 66.425
1686086384, 51.45, 59.56, 59.9125
1686086387, 47.525, 59.56, 59.9125
1686086389, 47.525, 59.56, 59.9125
1686086392, 47.525, 59.56, 59.9125
1686086394, 47.525, 59.56, 59.9125
1686086396, 47.525, 59.56, 59.9125
1686086399, 47.525, 77.01500000000001, 69.85
1686086402, 50.425, 77.01500000000001, 69.85
1686086405, 50.425, 77.01500000000001, 69.85
1686086407, 50.425, 77.01500000000001, 69.85
1686086410, 50.425, 77.01500000000001, 69.85
1686086412, 50.425, 77.01500000000001, 69.85
1686086415, 50.6, 83.825, 76.1625
1686086417, 50.6, 83.825, 76.1625
1686086420, 50.6, 83.825, 76.1625
1686086423, 50.6, 83.825, 76.1625
1686086425, 50.6, 83.825, 76.1625
1686086429, 50.6, 83.825, 65.075
1686086431, 41.95, 59.254999999999995, 65.075
1686086434, 41.95, 59.254999999999995, 65.075
1686086437, 41.95, 59.254999999999995, 65.075
1686086439, 41.95, 59.254999999999995, 65.075
1686086441, 41.95, 59.254999999999995, 65.075
1686086444, 43.575, 46.995, 57.287499999999994
1686086447, 43.625, 46.995, 57.287499999999994
1686086449, 43.625, 46.995, 57.287499999999994
1686086452, 43.625, 46.995, 57.287499999999994
1686086455, 43.625, 46.995, 57.287499999999994
1686086458, 43.625, 46.995, 79.39999999999999
1686086460, 54.875, 81.91, 79.39999999999999
1686086464, 54.875, 81.91, 79.39999999999999
1686086466, 54.875, 81.91, 79.39999999999999
1686086469, 54.875, 81.91, 79.39999999999999
1686086471, 54.875, 81.91, 79.39999999999999
1686086474, 54.875, 65.155, 67.0875
1686086476, 50.599999999999994, 65.155, 67.0875
1686086479, 50.599999999999994, 65.155, 67.0875
1686086482, 50.599999999999994, 65.155, 67.0875
1686086484, 50.599999999999994, 65.155, 67.0875
1686086487, 50.599999999999994, 65.155, 67.0875
1686086490, 53.375, 57.415, 62.699999999999996
1686086492, 53.375, 57.415, 62.699999999999996
1686086495, 53.375, 57.415, 62.699999999999996
1686086498, 53.375, 57.415, 62.699999999999996
1686086501, 53.375, 57.415, 62.699999999999996
1686086503, 53.375, 57.415, 81.6625
1686086505, 57.0, 78.0, 81.6625
1686086508, 57.0, 78.0, 81.6625
1686086510, 57.0, 78.0, 81.6625
1686086514, 57.0, 78.0, 81.6625
1686086516, 57.0, 78.0, 81.6625
1686086519, 57.0, 58.12, 63.2375
1686086522, 53.0, 58.12, 63.2375
1686086525, 53.0, 58.12, 63.2375
1686086528, 53.0, 58.12, 63.2375
1686086530, 53.0, 58.12, 63.2375
1686086534, 53.0, 62.89, 59.537499999999994
1686086536, 49.875, 62.89, 59.537499999999994
1686086539, 49.875, 62.89, 59.537499999999994
1686086541, 49.875, 62.89, 59.537499999999994
1686086544, 49.875, 62.89, 59.537499999999994
1686086547, 49.875, 62.89, 59.537499999999994
1686086549, 59.925, 80.255, 76.4375
1686086552, 59.925, 80.255, 76.4375
1686086555, 59.925, 80.255, 76.4375
1686086557, 59.925, 80.255, 76.4375
1686086560, 59.925, 80.255, 76.4375
1686086562, 59.925, 80.255, 76.4375
1686086565, 56.25, 61.50999999999999, 61.949999999999996
1686086568, 56.25, 61.50999999999999, 61.949999999999996
1686086571, 56.25, 61.50999999999999, 61.949999999999996
1686086573, 56.25, 61.50999999999999, 61.949999999999996
1686086576, 56.25, 61.50999999999999, 61.949999999999996
1686086578, 56.25, 57.995000000000005, 56.8
1686086581, 47.1, 57.995000000000005, 56.8
1686086584, 47.1, 57.995000000000005, 56.8
1686086586, 47.1, 57.995000000000005, 56.8
1686086589, 47.1, 57.995000000000005, 56.8
1686086591, 47.1, 57.995000000000005, 56.8
1686086594, 47.1, 79.685, 72.525
1686086596, 55.099999999999994, 79.685, 72.525
1686086598, 55.099999999999994, 79.685, 72.525
1686086601, 55.099999999999994, 79.685, 72.525
1686086604, 55.099999999999994, 79.685, 72.525
1686086607, 55.099999999999994, 79.685, 72.525
1686086609, 59.225, 81.655, 76.02499999999999
1686086612, 59.225, 81.655, 76.02499999999999
1686086615, 59.225, 81.655, 76.02499999999999
1686086618, 59.225, 81.655, 76.02499999999999
1686086621, 59.225, 81.655, 76.02499999999999
1686086624, 59.225, 72.11, 58.6875
1686086627, 50.875, 67.655, 58.6875
1686086630, 50.875, 67.655, 58.6875
1686086633, 50.875, 67.655, 58.6875
1686086635, 50.875, 67.655, 58.6875
1686086638, 50.875, 67.655, 61.475
1686086640, 49.400000000000006, 58.165000000000006, 61.475
1686086643, 49.400000000000006, 58.165000000000006, 61.475
1686086646, 49.400000000000006, 58.165000000000006, 61.475
1686086648, 49.400000000000006, 58.165000000000006, 61.475
1686086650, 49.400000000000006, 58.165000000000006, 61.475
1686086653, 49.400000000000006, 58.165000000000006, 82.1125
1686086656, 61.3, 80.74, 82.1125
1686086659, 61.3, 80.74, 82.1125
1686086661, 61.3, 80.74, 82.1125
1686086664, 61.3, 80.74, 82.1125
1686086666, 61.3, 80.74, 82.1125
1686086669, 61.3, 65.7, 60.650000000000006
1686086672, 49.925000000000004, 65.7, 60.650000000000006
1686086674, 49.925000000000004, 65.7, 60.650000000000006
1686086677, 49.925000000000004, 65.7, 60.650000000000006
1686086679, 49.925000000000004, 65.7, 60.650000000000006
1686086681, 49.925000000000004, 65.7, 60.650000000000006
1686086684, 49.925000000000004, 60.949999999999996, 56.05
1686086686, 42.75, 60.949999999999996, 56.05
1686086689, 42.75, 60.949999999999996, 56.05
1686086691, 42.75, 60.949999999999996, 56.05
1686086694, 42.75, 60.949999999999996, 56.05
1686086697, 42.75, 60.949999999999996, 62.7625
1686086700, 61.949999999999996, 77.88, 79.85
1686086702, 61.949999999999996, 77.88, 79.85
1686086705, 61.949999999999996, 77.88, 79.85
1686086707, 61.949999999999996, 77.88, 79.85
1686086710, 61.949999999999996, 77.88, 79.85
1686086712, 61.949999999999996, 77.88, 76.125
1686086715, 53.550000000000004, 80.6, 76.125
1686086718, 53.550000000000004, 80.6, 76.125
1686086721, 53.550000000000004, 80.6, 76.125
1686086724, 53.550000000000004, 80.6, 76.125
1686086726, 53.550000000000004, 80.6, 76.125
1686086729, 53.550000000000004, 70.97500000000001, 61.525
1686086731, 55.8, 70.97500000000001, 61.525
1686086735, 55.8, 70.97500000000001, 61.525
1686086738, 55.8, 70.97500000000001, 61.525
1686086740, 55.8, 70.97500000000001, 61.525
1686086743, 55.8, 70.97500000000001, 60.537499999999994
1686086746, 52.400000000000006, 59.85, 60.537499999999994
1686086748, 52.400000000000006, 59.85, 60.537499999999994
1686086750, 52.400000000000006, 59.85, 60.537499999999994
1686086754, 52.400000000000006, 59.85, 60.537499999999994
1686086756, 52.400000000000006, 59.85, 60.537499999999994
1686086759, 52.400000000000006, 79.85, 71.4
1686086761, 58.37500000000001, 79.85, 71.4
1686086765, 58.37500000000001, 79.85, 71.4
1686086768, 58.37500000000001, 79.85, 71.4
1686086769, 58.37500000000001, 79.85, 71.4
1686086772, 58.37500000000001, 79.85, 71.4
1686086776, 66.45, 79.38499999999999, 78.5
1686086778, 66.45, 79.38499999999999, 78.5
1686086781, 66.45, 79.38499999999999, 78.5
1686086783, 66.45, 79.38499999999999, 78.5
1686086786, 66.45, 79.38499999999999, 78.5
1686086789, 66.45, 78.35, 79.1875
1686086791, 59.6, 78.35, 79.1875
1686086794, 59.6, 78.35, 79.1875
1686086797, 59.6, 78.35, 79.1875
1686086800, 59.6, 78.35, 79.1875
1686086802, 59.6, 78.35, 79.1875
1686086805, 58.075, 82.10999999999999, 73.6
1686086807, 58.075, 82.10999999999999, 73.6
1686086810, 58.075, 82.10999999999999, 73.6
1686086813, 58.075, 82.10999999999999, 73.6
1686086815, 58.075, 82.10999999999999, 73.6
1686086818, 58.075, 82.10999999999999, 61.1625
1686086821, 51.574999999999996, 62.53999999999999, 61.1625
1686086824, 51.574999999999996, 62.53999999999999, 61.1625
1686086826, 51.574999999999996, 62.53999999999999, 61.1625
1686086829, 51.574999999999996, 62.53999999999999, 61.1625
1686086831, 51.574999999999996, 62.53999999999999, 61.1625
1686086835, 48.474999999999994, 54.87, 52.4875
1686086838, 47.349999999999994, 54.87, 52.4875
1686086840, 47.349999999999994, 54.87, 52.4875
1686086842, 47.349999999999994, 54.87, 52.4875
1686086845, 47.349999999999994, 54.87, 52.4875
1686086847, 47.349999999999994, 54.87, 76.41250000000001
1686086850, 59.85000000000001, 80.535, 76.41250000000001
1686086853, 59.85000000000001, 80.535, 76.41250000000001
1686086855, 59.85000000000001, 80.535, 76.41250000000001
1686086858, 59.85000000000001, 80.535, 76.41250000000001
1686086860, 59.85000000000001, 80.535, 76.41250000000001
1686086863, 59.85000000000001, 80.535, 59.787499999999994
1686086865, 53.3, 62.230000000000004, 59.787499999999994
1686086868, 53.3, 62.230000000000004, 59.787499999999994
1686086871, 53.3, 62.230000000000004, 59.787499999999994
1686086873, 53.3, 62.230000000000004, 59.787499999999994
1686086876, 53.3, 62.230000000000004, 59.787499999999994
1686086878, 53.3, 51.955, 51.825
1686086881, 46.074999999999996, 51.955, 51.825
1686086883, 46.074999999999996, 51.955, 51.825
1686086886, 46.074999999999996, 51.955, 51.825
1686086888, 46.074999999999996, 51.955, 51.825
1686086891, 46.074999999999996, 51.955, 51.825
1686086894, 46.074999999999996, 79.405, 79.0375
1686086896, 67.525, 79.405, 79.0375
1686086899, 67.525, 79.405, 79.0375
1686086901, 67.525, 79.405, 79.0375
1686086904, 67.525, 79.405, 79.0375
1686086906, 67.525, 79.405, 79.0375
1686086910, 60.02499999999999, 77.81, 79.4
1686086912, 54.425, 77.81, 79.4
1686086915, 54.425, 77.81, 79.4
1686086917, 54.425, 77.81, 79.4
1686086920, 54.425, 77.81, 79.4
1686086922, 54.425, 77.81, 78.7125
1686086924, 61.4, 79.94999999999999, 76.30000000000001
1686086927, 61.4, 79.94999999999999, 76.30000000000001
1686086929, 61.4, 79.94999999999999, 76.30000000000001
1686086932, 61.4, 79.94999999999999, 76.30000000000001
1686086933, 61.4, 79.94999999999999, 76.30000000000001
1686086936, 61.4, 79.94999999999999, 76.30000000000001
1686086938, 61.4, 84.935, 79.3375
1686086941, 68.7, 86.17500000000001, 79.3375
1686086943, 68.7, 86.17500000000001, 79.3375
1686086947, 68.7, 86.17500000000001, 79.3375
1686086949, 68.7, 86.17500000000001, 79.3375
1686086952, 68.7, 86.17500000000001, 79.3375
1686086955, 68.7, 60.464999999999996, 56.662499999999994
1686086957, 52.45, 60.464999999999996, 56.662499999999994
1686086961, 52.45, 60.464999999999996, 56.662499999999994
1686086963, 52.45, 60.464999999999996, 56.662499999999994
1686086966, 52.45, 60.464999999999996, 56.662499999999994
1686086968, 52.45, 60.464999999999996, 56.025
1686086971, 50.875, 70.025, 56.025
1686086974, 50.875, 70.025, 56.025
1686086976, 50.875, 70.025, 56.025
1686086978, 50.875, 70.025, 56.025
1686086981, 50.875, 70.025, 56.025
1686086984, 50.875, 84.5, 70.1625
1686086987, 60.85000000000001, 84.5, 70.1625
1686086989, 60.85000000000001, 84.5, 70.1625
1686086991, 60.85000000000001, 84.5, 70.1625
1686086994, 60.85000000000001, 84.5, 70.1625
1686086997, 60.85000000000001, 84.5, 70.1625
1686086999, 60.85000000000001, 59.31500000000001, 55.2625
1686087002, 49.77499999999999, 59.31500000000001, 55.2625
1686087004, 49.77499999999999, 59.31500000000001, 55.2625
1686087006, 49.77499999999999, 59.31500000000001, 55.2625
1686087009, 49.77499999999999, 59.31500000000001, 55.2625
1686087012, 49.77499999999999, 59.31500000000001, 55.2625
1686087015, 54.575, 58.315, 56.1875
1686087018, 54.575, 58.315, 56.1875
1686087020, 54.575, 58.315, 56.1875
1686087023, 54.575, 58.315, 56.1875
1686087026, 54.575, 58.315, 56.1875
1686087029, 56.875, 83.24, 77.86250000000001
1686087031, 56.125, 83.24, 77.86250000000001
1686087034, 56.125, 83.24, 77.86250000000001
1686087036, 56.125, 83.24, 77.86250000000001
1686087040, 56.125, 83.24, 77.86250000000001
1686087043, 56.125, 83.24, 77.86250000000001
1686087046, 46.7, 61.455000000000005, 55.537499999999994
1686087048, 46.7, 61.455000000000005, 55.537499999999994
1686087051, 46.7, 61.455000000000005, 55.537499999999994
1686087054, 46.7, 61.455000000000005, 55.537499999999994
1686087057, 46.7, 61.455000000000005, 57.175
1686087060, 53.47500000000001, 57.029999999999994, 56.7375
1686087063, 53.47500000000001, 57.029999999999994, 56.7375
1686087066, 53.47500000000001, 57.029999999999994, 56.7375
1686087069, 53.47500000000001, 57.029999999999994, 56.7375
1686087072, 53.47500000000001, 57.029999999999994, 56.7375
1686087075, 65.69999999999999, 78.145, 74.6125
1686087077, 65.69999999999999, 78.145, 74.6125
1686087081, 65.69999999999999, 78.145, 74.6125
1686087084, 65.69999999999999, 78.145, 74.6125
1686087087, 65.69999999999999, 78.145, 74.6125
1686087089, 61.85, 79.57000000000001, 79.13749999999999
1686087092, 60.55, 79.57000000000001, 79.13749999999999
1686087095, 60.55, 79.57000000000001, 79.13749999999999
1686087098, 60.55, 79.57000000000001, 79.13749999999999
1686087100, 60.55, 79.57000000000001, 79.13749999999999
1686087103, 60.55, 79.57000000000001, 75.375
1686087106, 67.17500000000001, 80.93, 75.375
1686087109, 67.17500000000001, 80.93, 75.375
1686087111, 67.17500000000001, 80.93, 75.375
1686087114, 67.17500000000001, 80.93, 75.375
1686087117, 67.17500000000001, 80.93, 75.375
1686087120, 53.77499999999999, 66.125, 64.9875
1686087123, 53.77499999999999, 66.125, 64.9875
1686087126, 53.77499999999999, 66.125, 64.9875
1686087128, 53.77499999999999, 66.125, 64.9875
1686087131, 53.77499999999999, 66.125, 64.9875
1686087133, 53.77499999999999, 66.125, 56.75
1686087135, 50.575, 63.894999999999996, 56.75
1686087138, 50.575, 63.894999999999996, 56.75
1686087140, 50.575, 63.894999999999996, 56.75
1686087143, 50.575, 63.894999999999996, 56.75
1686087146, 50.575, 63.894999999999996, 56.75
1686087149, 50.575, 76.24, 75.67500000000001
1686087151, 60.025000000000006, 76.24, 75.67500000000001
1686087154, 60.025000000000006, 76.24, 75.67500000000001
1686087157, 60.025000000000006, 76.24, 75.67500000000001
1686087160, 60.025000000000006, 76.24, 75.67500000000001
1686087162, 60.025000000000006, 76.24, 75.67500000000001
1686087165, 48.225, 81.375, 75.0125
1686087168, 48.225, 81.375, 75.0125
1686087171, 48.225, 81.375, 75.0125
1686087174, 48.225, 81.375, 75.0125
1686087176, 48.225, 81.375, 75.0125
1686087179, 48.225, 55.075, 59.112500000000004
1686087181, 51.55, 55.075, 59.112500000000004
1686087183, 51.55, 55.075, 59.112500000000004
1686087186, 51.55, 55.075, 59.112500000000004
1686087188, 51.55, 55.075, 59.112500000000004
1686087191, 51.55, 55.075, 59.112500000000004
1686087194, 51.55, 58.52, 62.625
1686087196, 48.925, 58.52, 62.625
1686087199, 48.925, 58.52, 62.625
1686087201, 48.925, 58.52, 62.625
1686087204, 48.925, 58.52, 62.625
1686087206, 48.925, 58.52, 62.625
1686087209, 53.900000000000006, 78.83, 80.4625
1686087212, 63.474999999999994, 78.83, 80.4625
1686087215, 63.474999999999994, 78.83, 80.4625
1686087217, 63.474999999999994, 78.83, 80.4625
1686087220, 63.474999999999994, 78.83, 80.4625
1686087223, 63.474999999999994, 78.83, 80.4625
1686087225, 49.2, 69.46000000000001, 57.55
1686087228, 49.2, 69.46000000000001, 57.55
1686087230, 49.2, 69.46000000000001, 57.55
1686087233, 49.2, 69.46000000000001, 57.55
1686087235, 49.2, 69.46000000000001, 57.55
1686087238, 49.2, 56.905, 52.075
1686087240, 53.10000000000001, 56.905, 52.075
1686087243, 53.10000000000001, 56.905, 52.075
1686087246, 53.10000000000001, 56.905, 52.075
1686087249, 53.10000000000001, 56.905, 52.075
1686087251, 53.10000000000001, 56.905, 52.075
1686087254, 59.650000000000006, 81.49, 79.2125
1686087257, 57.625, 81.49, 79.2125
1686087260, 57.625, 81.49, 79.2125
1686087263, 57.625, 81.49, 79.2125
1686087265, 57.625, 81.49, 79.2125
1686087268, 57.625, 81.49, 79.2125
1686087271, 51.475, 67.265, 63.724999999999994
1686087274, 51.475, 67.265, 63.724999999999994
1686087276, 51.475, 67.265, 63.724999999999994
1686087279, 51.475, 67.265, 63.724999999999994
1686087282, 51.475, 67.265, 63.724999999999994
1686087285, 52.4, 59.09, 53.275
1686087287, 52.4, 59.09, 53.275
1686087289, 52.4, 59.09, 53.275
1686087292, 52.4, 59.09, 53.275
1686087294, 52.4, 59.09, 53.275
1686087297, 52.4, 59.09, 53.275
1686087299, 60.0, 82.21, 74.94999999999999
1686087302, 60.0, 82.21, 74.94999999999999
1686087305, 60.0, 82.21, 74.94999999999999
1686087307, 60.0, 82.21, 74.94999999999999
1686087310, 60.0, 82.21, 74.94999999999999
1686087313, 60.0, 82.21, 71.9875
1686087315, 49.125, 61.239999999999995, 64.625
1686087317, 49.125, 61.239999999999995, 64.625
1686087320, 49.125, 61.239999999999995, 64.625
1686087324, 49.125, 61.239999999999995, 64.625
1686087327, 49.125, 61.239999999999995, 64.625
1686087329, 47.550000000000004, 58.114999999999995, 55.474999999999994
1686087332, 47.550000000000004, 58.114999999999995, 55.474999999999994
1686087334, 47.550000000000004, 58.114999999999995, 55.474999999999994
1686087337, 47.550000000000004, 58.114999999999995, 55.474999999999994
1686087339, 47.550000000000004, 58.114999999999995, 55.474999999999994
1686087342, 47.550000000000004, 58.114999999999995, 55.474999999999994
1686087345, 59.849999999999994, 79.24, 80.9625
1686087348, 59.849999999999994, 79.24, 80.9625
1686087350, 59.849999999999994, 79.24, 80.9625
1686087353, 59.849999999999994, 79.24, 80.9625
1686087355, 59.849999999999994, 79.24, 80.9625
1686087358, 59.849999999999994, 79.24, 66.6875
1686087361, 50.35, 65.63499999999999, 66.6875
1686087364, 50.35, 65.63499999999999, 66.6875
1686087367, 50.35, 65.63499999999999, 66.6875
1686087369, 50.35, 65.63499999999999, 66.6875
1686087372, 50.35, 65.63499999999999, 66.6875
1686087374, 49.175000000000004, 60.28, 61.0625
1686087377, 51.9, 60.28, 61.0625
1686087380, 51.9, 60.28, 61.0625
1686087382, 51.9, 60.28, 61.0625
1686087385, 51.9, 60.28, 61.0625
1686087388, 51.9, 60.28, 76.2
1686087391, 52.125, 79.25500000000001, 76.2
1686087394, 52.125, 79.25500000000001, 76.2
1686087396, 52.125, 79.25500000000001, 76.2
1686087399, 52.125, 79.25500000000001, 76.2
1686087402, 52.125, 79.25500000000001, 76.2
1686087404, 54.1, 77.77, 73.0375
1686087407, 58.99999999999999, 77.77, 73.0375
1686087410, 58.99999999999999, 77.77, 73.0375
1686087413, 58.99999999999999, 77.77, 73.0375
1686087416, 58.99999999999999, 77.77, 73.0375
1686087419, 58.99999999999999, 78.7, 80.36250000000001
1686087421, 60.775, 78.7, 80.36250000000001
1686087424, 60.775, 78.7, 80.36250000000001
1686087427, 60.775, 78.7, 80.36250000000001
1686087429, 60.775, 78.7, 80.36250000000001
1686087432, 60.775, 78.7, 80.36250000000001
1686087434, 62.025, 59.010000000000005, 68.9375
1686087436, 62.025, 59.010000000000005, 68.9375
1686087439, 62.025, 59.010000000000005, 68.9375
1686087441, 62.025, 59.010000000000005, 68.9375
1686087444, 62.025, 59.010000000000005, 68.9375
1686087447, 62.025, 59.010000000000005, 68.9375
1686087449, 58.375, 56.355000000000004, 56.400000000000006
1686087452, 51.875, 56.355000000000004, 56.400000000000006
1686087455, 51.875, 56.355000000000004, 56.400000000000006
1686087457, 51.875, 56.355000000000004, 56.400000000000006
1686087460, 51.875, 56.355000000000004, 56.400000000000006
1686087464, 51.875, 69.14500000000001, 80.6625
1686087467, 58.525000000000006, 80.555, 80.6625
1686087469, 58.525000000000006, 80.555, 80.6625
1686087472, 58.525000000000006, 80.555, 80.6625
1686087475, 58.525000000000006, 80.555, 80.6625
1686087478, 58.525000000000006, 80.555, 64.675
1686087481, 46.425, 64.6, 64.675
1686087484, 46.425, 64.6, 64.675
1686087487, 46.425, 64.6, 64.675
1686087489, 46.425, 64.6, 64.675
1686087491, 46.425, 64.6, 64.675
1686087495, 46.425, 59.215, 56.1375
1686087497, 48.075, 59.215, 56.1375
1686087500, 48.075, 59.215, 56.1375
1686087503, 48.075, 59.215, 56.1375
1686087506, 48.075, 59.215, 56.1375
1686087508, 48.075, 72.49000000000001, 73.9625
1686087511, 48.825, 79.705, 73.9625
1686087514, 48.825, 79.705, 73.9625
1686087516, 48.825, 79.705, 73.9625
1686087519, 48.825, 79.705, 73.9625
1686087523, 48.825, 79.705, 71.17500000000001
1686087526, 61.175, 80.48, 71.6625
1686087528, 61.175, 80.48, 71.6625
1686087531, 61.175, 80.48, 71.6625
1686087534, 61.175, 80.48, 71.6625
1686087537, 61.175, 80.48, 71.6625
1686087540, 61.175, 67.655, 65.11250000000001
1686087543, 46.35, 67.655, 65.11250000000001
1686087546, 46.35, 67.655, 65.11250000000001
1686087549, 46.35, 67.655, 65.11250000000001
1686087551, 46.35, 67.655, 65.11250000000001
1686087554, 46.35, 62.065, 58.55000000000001
1686087557, 52.675000000000004, 62.065, 58.55000000000001
1686087559, 52.675000000000004, 62.065, 58.55000000000001
1686087561, 52.675000000000004, 62.065, 58.55000000000001
1686087565, 52.675000000000004, 62.065, 58.55000000000001
1686087568, 52.675000000000004, 62.065, 76.64999999999999
1686087570, 50.125, 79.00999999999999, 76.64999999999999
1686087572, 50.125, 79.00999999999999, 76.64999999999999
1686087574, 50.125, 79.00999999999999, 76.64999999999999
1686087577, 50.125, 79.00999999999999, 76.64999999999999
1686087579, 50.125, 79.00999999999999, 76.64999999999999
1686087582, 50.125, 79.00999999999999, 76.64999999999999
1686087585, 60.275000000000006, 80.15, 76.10000000000001
1686087588, 60.275000000000006, 80.15, 76.10000000000001
1686087590, 60.275000000000006, 80.15, 76.10000000000001
1686087593, 60.275000000000006, 80.15, 76.10000000000001
1686087596, 60.275000000000006, 80.15, 76.10000000000001
1686087599, 50.95, 62.19, 64.35
1686087602, 48.775, 62.19, 64.35
1686087605, 48.775, 62.19, 64.35
1686087607, 48.775, 62.19, 64.35
1686087610, 48.775, 62.19, 64.35
1686087613, 48.775, 62.19, 59.6875
1686087616, 42.9, 58.45, 59.6875
1686087618, 42.9, 58.45, 59.6875
1686087621, 42.9, 58.45, 59.6875
1686087622, 42.9, 58.45, 59.6875
1686087625, 42.9, 58.45, 59.6875
1686087628, 42.9, 75.94, 77.0875
1686087631, 58.800000000000004, 79.28999999999999, 77.0875
1686087633, 58.800000000000004, 79.28999999999999, 77.0875
1686087636, 58.800000000000004, 79.28999999999999, 77.0875
1686087639, 58.800000000000004, 79.28999999999999, 77.0875
1686087643, 58.800000000000004, 79.28999999999999, 77.0875
1686087645, 54.2, 79.02000000000001, 73.7875
1686087648, 54.2, 79.02000000000001, 73.7875
1686087650, 54.2, 79.02000000000001, 73.7875
1686087653, 54.2, 79.02000000000001, 73.7875
1686087656, 54.2, 79.02000000000001, 73.7875
1686087659, 54.2, 83.5, 73.5
1686087662, 57.4, 83.5, 73.5
1686087664, 57.4, 83.5, 73.5
1686087667, 57.4, 83.5, 73.5
1686087670, 57.4, 83.5, 73.5
1686087672, 57.4, 83.5, 73.5
1686087675, 48.85, 62.61, 55.65
1686087677, 48.85, 62.61, 55.65
1686087680, 48.85, 62.61, 55.65
1686087682, 48.85, 62.61, 55.65
1686087684, 48.85, 62.61, 55.65
1686087686, 48.85, 62.61, 55.65
1686087689, 51.55, 65.795, 56.525
1686087692, 49.3, 65.795, 56.525
1686087695, 49.3, 65.795, 56.525
1686087698, 49.3, 65.795, 56.525
1686087700, 49.3, 65.795, 56.525
1686087703, 49.3, 65.795, 62.1875
1686087705, 50.8, 84.775, 67.4125
1686087708, 50.8, 84.775, 67.4125
1686087710, 50.8, 84.775, 67.4125
1686087713, 50.8, 84.775, 67.4125
1686087715, 50.8, 84.775, 67.4125
1686087718, 50.8, 84.775, 58.9
1686087721, 51.525, 69.14, 58.9
1686087724, 51.525, 69.14, 58.9
1686087727, 51.525, 69.14, 58.9
1686087730, 51.525, 69.14, 58.9
1686087733, 51.525, 69.14, 57.325
1686087735, 47.2, 54.330000000000005, 54.7625
1686087738, 47.2, 54.330000000000005, 54.7625
1686087741, 47.2, 54.330000000000005, 54.7625
1686087744, 47.2, 54.330000000000005, 54.7625
1686087747, 47.2, 54.330000000000005, 54.7625
1686087749, 47.2, 80.065, 70.5
1686087752, 55.625, 80.065, 70.5
1686087754, 55.625, 80.065, 70.5
1686087757, 55.625, 80.065, 70.5
1686087760, 55.625, 80.065, 70.5
1686087763, 55.625, 80.065, 68.5125
1686087765, 40.6, 54.095, 57.99999999999999
1686087767, 40.6, 54.095, 57.99999999999999
1686087770, 40.6, 54.095, 57.99999999999999
1686087773, 40.6, 54.095, 57.99999999999999
1686087776, 40.6, 54.095, 57.99999999999999
1686087778, 40.6, 54.095, 52.199999999999996
1686087781, 48.675, 56.22, 52.199999999999996
1686087784, 48.675, 56.22, 52.199999999999996
1686087787, 48.675, 56.22, 52.199999999999996
1686087789, 48.675, 56.22, 52.199999999999996
1686087792, 48.675, 56.22, 52.199999999999996
1686087795, 45.650000000000006, 48.97, 50.2875
1686087798, 45.650000000000006, 48.97, 50.2875
1686087801, 45.650000000000006, 48.97, 50.2875
1686087804, 45.650000000000006, 48.97, 50.2875
1686087807, 45.650000000000006, 48.97, 50.2875
1686087809, 45.650000000000006, 43.39, 42.449999999999996
1686087811, 45.15, 43.39, 42.449999999999996
1686087814, 45.15, 43.39, 42.449999999999996
1686150152, 43.85, 34.35, 37.4875
1686150156, 43.85, 34.35, 37.4875
1686150160, 43.85, 34.35, 36.325
1686150163, 43.5, 32.31, 36.325
1686150167, 43.5, 32.31, 36.325
1686150171, 43.5, 32.31, 36.325
1686150174, 43.5, 32.31, 36.325
1686150178, 40.974999999999994, 35.41, 33.5125
1686150181, 40.974999999999994, 35.41, 33.5125
1686150185, 40.974999999999994, 35.41, 33.5125
1686150188, 40.974999999999994, 35.41, 33.5125
1686150192, 47.224999999999994, 33.035, 34.55
1686150195, 47.224999999999994, 33.035, 34.55
1686150199, 47.224999999999994, 33.035, 34.55
1686150203, 47.224999999999994, 33.035, 34.55
1686150207, 45.375, 33.99, 35.1375
1686150210, 45.375, 33.99, 35.1375
1686150214, 45.375, 33.99, 35.1375
1686150217, 45.375, 33.99, 35.1375
1686150221, 42.625, 32.635, 35.6375
1686150224, 42.625, 32.635, 35.6375
1686150228, 42.625, 32.635, 35.6375
1686150232, 42.625, 32.635, 35.6375
1686150235, 42.625, 31.834999999999997, 35.85
1686150239, 42.400000000000006, 31.834999999999997, 35.85
1686150243, 42.400000000000006, 31.834999999999997, 35.85
1686150247, 42.400000000000006, 31.834999999999997, 35.85
1686150250, 42.400000000000006, 31.419999999999998, 36.449999999999996
1686150253, 43.45, 31.855, 36.449999999999996
1686150257, 43.45, 31.855, 36.449999999999996
1686150261, 43.45, 31.855, 36.449999999999996
1686150264, 43.45, 31.855, 34.325
1686150268, 43.675000000000004, 32.53, 34.325
1686150272, 43.675000000000004, 32.53, 34.325
1686150275, 43.675000000000004, 32.53, 34.325
1686150279, 43.675000000000004, 32.53, 36.125
1686150282, 39.925000000000004, 32.88, 36.125
1686150285, 39.925000000000004, 32.88, 36.125
1686150289, 39.925000000000004, 32.88, 36.125
1686150293, 39.925000000000004, 32.88, 36.125
1686150296, 43.65, 33.12, 36.0125
1686150300, 43.65, 33.12, 36.0125
1686150304, 43.65, 33.12, 36.0125
1686150308, 43.65, 33.12, 36.0125
1686150312, 46.6, 33.465, 34.4125
1686150315, 46.6, 33.465, 34.4125
1686150318, 46.6, 33.465, 34.4125
1686150322, 46.6, 33.465, 34.4125
1686150325, 46.6, 33.125, 37.9375
1686150329, 42.9, 33.125, 37.9375
1686150333, 42.9, 33.125, 37.9375
1686150336, 42.9, 33.125, 37.9375
1686150340, 42.9, 32.09499999999999, 36.2875
1686150344, 41.550000000000004, 32.09499999999999, 36.2875
1686150348, 41.550000000000004, 32.09499999999999, 36.2875
1686150351, 41.550000000000004, 32.09499999999999, 36.2875
1686150355, 41.550000000000004, 32.28, 36.1375
1686150359, 42.25, 32.28, 36.1375
1686150362, 42.25, 32.28, 36.1375
1686150366, 42.25, 32.28, 36.1375
1686150370, 42.25, 32.915, 36.162499999999994
1686150374, 43.125, 32.915, 36.162499999999994
1686150377, 43.125, 32.915, 36.162499999999994
1686150381, 43.125, 32.915, 36.162499999999994
1686150384, 43.125, 32.915, 36.162499999999994
1686150388, 43.075, 31.98, 33.462500000000006
1686150391, 43.075, 31.98, 33.462500000000006
1686150395, 43.075, 31.98, 33.462500000000006
1686150398, 43.075, 31.98, 33.462500000000006
1686150402, 44.225, 34.81, 33.7375
1686150405, 44.225, 34.81, 33.7375
1686150409, 44.225, 34.81, 33.7375
1686150412, 44.225, 34.81, 33.7375
1686150415, 42.5, 34.26, 34.525
1686150419, 43.375, 34.26, 34.525
1686150422, 43.375, 34.26, 34.525
1686150425, 43.375, 34.26, 34.525
1686150429, 43.375, 34.26, 32.724999999999994
1686150433, 44.175, 34.81, 33.7625
1686150436, 44.175, 34.81, 33.7625
1686150440, 44.175, 34.81, 33.7625
1686150443, 44.175, 34.81, 33.7625
1686150447, 45.25, 33.75, 34.6
1686150450, 45.25, 33.75, 34.6
1686150454, 45.25, 33.75, 34.6
1686150457, 45.25, 33.75, 34.6
1686150460, 45.25, 32.71, 33.625
1686150464, 41.325, 32.71, 33.625
1686150467, 41.325, 32.71, 33.625
1686150471, 41.325, 32.71, 33.625
1686150474, 41.325, 32.71, 33.287499999999994
1686150478, 40.175, 31.69, 33.537499999999994
1686150481, 40.175, 31.69, 33.537499999999994
1686150486, 40.175, 31.69, 33.537499999999994
1686150489, 40.175, 31.69, 34.7
1686150493, 39.325, 32.559999999999995, 34.7
1686150497, 39.325, 32.559999999999995, 34.7
1686150501, 39.325, 32.559999999999995, 34.7
1686150504, 39.325, 32.559999999999995, 32.425000000000004
1686150508, 38.65, 32.975, 32.425000000000004
1686150512, 38.65, 32.975, 32.425000000000004
1686150516, 38.65, 32.975, 32.425000000000004
1686150520, 38.65, 32.975, 33.612500000000004
1686150523, 39.650000000000006, 32.865, 33.612500000000004
1686150527, 39.650000000000006, 32.865, 33.612500000000004
1686150531, 39.650000000000006, 32.865, 33.612500000000004
1686150535, 39.650000000000006, 32.865, 33.5375
1686150539, 37.725, 33.61, 33.5375
1686150543, 37.725, 33.61, 33.5375
1686150546, 37.725, 33.61, 33.5375
1686150550, 37.725, 33.35, 34.4375
1686150554, 38.5, 33.14, 34.4375
1686150558, 38.5, 33.14, 34.4375
1686150561, 38.5, 33.14, 34.4375
1686150565, 38.5, 33.82, 33.875
1686150568, 44.525000000000006, 33.82, 33.875
1686150572, 44.525000000000006, 33.82, 33.875
1686150575, 44.525000000000006, 33.82, 33.875
1686150579, 44.525000000000006, 33.82, 34.6
1686150582, 41.725, 32.715, 35.15
1686150586, 41.725, 32.715, 35.15
1686150590, 41.725, 32.715, 35.15
1686150593, 41.725, 32.715, 35.15
1686150598, 39.625, 34.655, 34.7625
1686150601, 39.625, 34.655, 34.7625
1686150604, 39.625, 34.655, 34.7625
1686150608, 39.625, 34.655, 34.7625
1686150612, 40.575, 32.405, 33.6625
1686150615, 40.575, 32.405, 33.6625
1686150619, 40.575, 32.405, 33.6625
1686150622, 40.575, 32.405, 33.6625
1686150626, 38.85, 33.25, 34.3
1686150629, 39.625, 33.25, 34.3
1686150633, 39.625, 33.25, 34.3
1686150637, 39.625, 33.25, 34.3
1686150641, 39.625, 33.53, 36.5
1686150645, 43.9, 33.53, 36.5
1686150649, 43.9, 33.53, 36.5
1686150652, 43.9, 33.53, 36.5
1686150657, 44.25, 32.18, 36.15
1686150661, 44.25, 32.18, 36.15
1686150664, 44.25, 32.18, 36.15
1686150668, 44.25, 32.18, 36.15
1686150671, 44.575, 33.625, 35.787499999999994
1686150675, 44.575, 33.625, 35.787499999999994
1686150679, 44.575, 33.625, 35.787499999999994
1686150682, 44.575, 33.625, 35.787499999999994
1686150686, 45.825, 33.75000000000001, 33.4625
1686150690, 45.825, 33.75000000000001, 33.4625
1686150694, 45.825, 33.75000000000001, 33.4625
1686150697, 45.825, 33.75000000000001, 33.4625
1686150701, 47.37499999999999, 34.635, 34.6625
1686150704, 45.675, 34.635, 34.6625
1686150708, 45.675, 34.635, 34.6625
1686150713, 45.675, 34.635, 34.6625
1686150716, 44.45, 34.919999999999995, 33.862500000000004
1686150719, 44.45, 34.919999999999995, 33.862500000000004
1686150723, 44.45, 34.919999999999995, 33.862500000000004
1686150726, 44.45, 34.919999999999995, 33.862500000000004
1686150730, 44.45, 33.905, 35.0125
1686150733, 47.0, 33.905, 35.0125
1686150737, 47.0, 33.905, 35.0125
1686150741, 47.0, 33.905, 35.0125
1686150744, 47.0, 33.8, 34.4375
1686150748, 44.6, 34.785, 34.4375
1686150751, 44.6, 34.785, 34.4375
1686150755, 44.6, 34.785, 34.4375
1686150759, 44.6, 34.785, 34.4375
1686150762, 44.45, 34.42, 36.075
1686150766, 44.45, 34.42, 36.075
1686150769, 44.45, 34.42, 36.075
1686150773, 44.45, 34.42, 36.075
1686150777, 41.550000000000004, 31.895, 35.6875
1686150781, 41.550000000000004, 31.895, 35.6875
1686150784, 41.550000000000004, 31.895, 35.6875
1686150788, 41.550000000000004, 31.895, 35.6875
1686150791, 44.625, 32.405, 35.5125
1686150795, 44.625, 32.405, 35.5125
1686150799, 44.625, 32.405, 35.5125
1686150802, 44.625, 32.405, 35.5125
1686150806, 45.050000000000004, 32.32, 34.087500000000006
1686150810, 46.025, 32.32, 34.087500000000006
1686150813, 46.025, 32.32, 34.087500000000006
1686150817, 46.025, 32.32, 34.087500000000006
1686150821, 44.324999999999996, 31.49, 32.425
1686150824, 44.324999999999996, 31.49, 32.425
1686150828, 44.324999999999996, 31.49, 32.425
1686150831, 44.324999999999996, 31.49, 32.425
1686150835, 44.324999999999996, 35.540000000000006, 33.2375
1686150839, 41.075, 35.540000000000006, 33.2375
1686150843, 41.075, 35.540000000000006, 33.2375
1686150846, 41.075, 35.540000000000006, 33.2375
1686150850, 44.050000000000004, 32.795, 36.2625
1686150853, 43.5, 32.795, 36.2625
1686150857, 43.5, 32.795, 36.2625
1686150860, 43.5, 32.795, 36.2625
1686150864, 43.5, 32.795, 36.75
1686150868, 44.625, 33.449999999999996, 36.3375
1686150871, 44.625, 33.449999999999996, 36.3375
1686150875, 44.625, 33.449999999999996, 36.3375
1686150878, 44.625, 33.449999999999996, 36.3375
1686150882, 41.1, 32.625, 36.3125
1686150886, 41.1, 32.625, 36.3125
1686150890, 41.1, 32.625, 36.3125
1686150893, 41.1, 32.625, 36.3125
1686150897, 44.0, 32.94, 35.962500000000006
1686150901, 44.0, 32.94, 35.962500000000006
1686150904, 44.0, 32.94, 35.962500000000006
1686150908, 44.0, 32.94, 35.962500000000006
1686150911, 42.875, 30.78, 33.175
1686150915, 42.875, 30.78, 33.175
1686150919, 42.875, 30.78, 33.175
1686150922, 42.875, 30.78, 33.175
1686150926, 44.125, 34.04, 34.15
1686150930, 44.125, 34.04, 34.15
1686150933, 44.125, 34.04, 34.15
1686150937, 44.125, 34.04, 34.15
1686150940, 46.925000000000004, 32.675, 35.425
1686150945, 46.925000000000004, 32.675, 35.425
1686150948, 46.925000000000004, 32.675, 35.425
1686150951, 46.925000000000004, 32.675, 35.425
1686150955, 46.925000000000004, 31.775, 36.6125
1686150959, 46.125, 31.775, 36.6125
1686150962, 46.125, 31.775, 36.6125
1686150966, 46.125, 31.775, 36.6125
1686150970, 46.125, 33.085, 35.0125
1686150974, 46.375, 33.085, 35.0125
1686150977, 46.375, 33.085, 35.0125
1686150981, 46.375, 33.085, 35.0125
1686150984, 46.375, 33.43, 32.325
1686150988, 42.0, 33.43, 32.325
1686150992, 42.0, 33.43, 32.325
1686150996, 42.0, 33.43, 32.325
1686151000, 42.0, 35.695, 36.0125
1686151003, 41.099999999999994, 35.695, 36.0125
1686151006, 41.099999999999994, 35.695, 36.0125
1686151010, 41.099999999999994, 35.695, 36.0125
1686151014, 41.099999999999994, 35.695, 32.6875
1686151018, 42.599999999999994, 34.404999999999994, 32.6875
1686151022, 42.599999999999994, 34.404999999999994, 32.6875
1686151026, 42.599999999999994, 34.404999999999994, 32.6875
1686151030, 42.599999999999994, 35.209999999999994, 35.4625
1686151033, 44.199999999999996, 35.209999999999994, 35.4625
1686151037, 44.199999999999996, 35.209999999999994, 35.4625
1686151041, 44.199999999999996, 35.209999999999994, 35.4625
1686151045, 44.199999999999996, 34.26, 33.5125
1686151048, 41.725, 34.075, 33.5125
1686151052, 41.725, 34.075, 33.5125
1686151056, 41.725, 34.075, 33.5125
1686151059, 41.725, 30.889999999999997, 37.1375
1686151063, 45.675000000000004, 30.889999999999997, 37.1375
1686151067, 45.675000000000004, 30.889999999999997, 37.1375
1686151071, 45.675000000000004, 30.889999999999997, 37.1375
1686151075, 45.675000000000004, 32.14, 35.725
1686151078, 46.15, 32.14, 35.725
1686151082, 46.15, 32.14, 35.725
1686151086, 46.15, 32.14, 35.725
1686151090, 46.15, 32.57, 34.225
1686151093, 43.025000000000006, 32.57, 34.225
1686151097, 43.025000000000006, 32.57, 34.225
1686151101, 43.025000000000006, 32.57, 34.225
1686151104, 43.025000000000006, 31.935, 37.7
1686151108, 47.85, 32.709999999999994, 37.7
1686151112, 47.85, 32.709999999999994, 37.7
1686151115, 47.85, 32.709999999999994, 37.7
1686151120, 47.85, 32.709999999999994, 38.7125
1686151123, 45.474999999999994, 31.365000000000002, 38.7125
1686151127, 45.474999999999994, 31.365000000000002, 38.7125
1686151130, 45.474999999999994, 31.365000000000002, 38.7125
1686151134, 45.474999999999994, 31.365000000000002, 36.0625
1686151137, 44.125, 32.75, 34.5375
1686151141, 44.125, 32.75, 34.5375
1686151145, 44.125, 32.75, 34.5375
1686151149, 44.125, 32.75, 34.5375
1686151152, 46.3, 32.165, 32.7875
1686151156, 46.3, 32.165, 32.7875
1686151161, 46.3, 32.165, 32.7875
1686151165, 46.3, 31.26, 32.0875
1686151168, 43.075, 32.449999999999996, 32.0875
1686151172, 43.075, 32.449999999999996, 32.0875
1686151175, 43.075, 32.449999999999996, 32.0875
1686151179, 43.075, 32.449999999999996, 33.512499999999996
1686151182, 42.3, 32.029999999999994, 33.912499999999994
1686151186, 42.3, 32.029999999999994, 33.912499999999994
1686151189, 42.3, 32.029999999999994, 33.912499999999994
1686151193, 42.3, 32.029999999999994, 33.912499999999994
1686151197, 43.525, 32.724999999999994, 33.8625
1686151200, 43.525, 32.724999999999994, 33.8625
1686151204, 43.525, 32.724999999999994, 33.8625
1686151208, 43.525, 32.724999999999994, 33.8625
1686151212, 45.14999999999999, 33.01, 33.95
1686151216, 45.14999999999999, 33.01, 33.95
1686151220, 45.14999999999999, 33.01, 33.95
1686151223, 45.14999999999999, 33.01, 33.95
1686151227, 43.425000000000004, 33.635, 35.5375
1686151231, 43.425000000000004, 33.635, 35.5375
1686151234, 43.425000000000004, 33.635, 35.5375
1686151239, 43.425000000000004, 33.635, 34.9875
1686151242, 46.05, 32.545, 35.24999999999999
1686151247, 46.05, 32.545, 35.24999999999999
1686151250, 46.05, 32.545, 35.24999999999999
1686151253, 46.05, 32.545, 34.4625
1686151256, 39.525, 33.04, 34.4625
1686151260, 39.525, 33.04, 34.4625
1686151263, 39.525, 33.04, 34.4625
1686151267, 39.525, 33.04, 34.4625
1686151270, 39.525, 31.020000000000003, 33.3125
1686151274, 41.6, 31.020000000000003, 33.3125
1686151278, 41.6, 31.020000000000003, 33.3125
1686151283, 41.6, 31.020000000000003, 33.3125
1686151286, 38.575, 33.63, 35.8875
1686151290, 38.575, 33.63, 35.8875
1686151293, 38.575, 33.63, 35.8875
1686151296, 38.575, 33.63, 35.8875
1686151300, 38.575, 33.61, 34.712500000000006
1686151303, 46.725, 33.010000000000005, 34.712500000000006
1686151307, 46.725, 33.010000000000005, 34.712500000000006
1686151310, 46.725, 33.010000000000005, 34.712500000000006
1686151313, 46.725, 33.010000000000005, 34.712500000000006
1686151317, 39.224999999999994, 35.28, 34.6375
1686151321, 39.224999999999994, 35.28, 34.6375
1686151324, 39.224999999999994, 35.28, 34.6375
1686151328, 39.224999999999994, 35.28, 34.6375
1686151332, 41.525, 34.64, 36.512499999999996
1686151335, 41.525, 34.64, 36.512499999999996
1686151338, 41.525, 34.64, 36.512499999999996
1686151342, 41.525, 34.64, 36.512499999999996
1686151345, 39.95, 34.11, 34.9125
1686151349, 39.95, 34.11, 34.9125
1686151353, 39.95, 34.11, 34.9125
1686151357, 39.95, 34.11, 34.9125
1686151361, 40.525000000000006, 32.76, 32.575
1686151364, 40.525000000000006, 32.76, 32.575
1686151368, 40.525000000000006, 32.76, 32.575
1686151372, 40.525000000000006, 32.76, 32.575
1686151375, 40.525000000000006, 32.004999999999995, 33.4375
1686151379, 41.025, 32.004999999999995, 33.4375
1686151382, 41.025, 32.004999999999995, 33.4375
1686151386, 41.025, 32.004999999999995, 33.4375
1686151389, 41.025, 33.745, 33.0625
1686151393, 44.625, 33.745, 33.0625
1686151397, 44.625, 33.745, 33.0625
1686151401, 44.625, 33.745, 33.0625
1686151405, 44.625, 33.275000000000006, 33.699999999999996
1686151409, 40.9, 33.275000000000006, 33.699999999999996
1686151412, 40.9, 33.275000000000006, 33.699999999999996
1686151416, 40.9, 33.275000000000006, 33.699999999999996
1686151419, 40.9, 32.795, 35.7625
1686151423, 40.55, 32.795, 35.7625
1686151426, 40.55, 32.795, 35.7625
1686151430, 40.55, 32.795, 35.7625
1686151434, 40.55, 32.795, 33.2125
1686151437, 43.525000000000006, 33.12, 34.1375
1686151441, 43.525000000000006, 33.12, 34.1375
1686151445, 43.525000000000006, 33.12, 34.1375
1686151449, 43.525000000000006, 33.12, 35.412499999999994
1686151452, 41.175, 31.674999999999997, 35.412499999999994
1686151456, 41.175, 31.674999999999997, 35.412499999999994
1686151460, 41.175, 31.674999999999997, 35.412499999999994
1686151464, 41.175, 31.674999999999997, 31.737500000000004
1686151468, 43.45, 31.835, 31.737500000000004
1686151471, 43.45, 31.835, 31.737500000000004
1686151474, 43.45, 31.835, 31.737500000000004
1686151478, 43.45, 31.835, 31.737500000000004
1686151481, 44.5, 33.28, 36.537499999999994
1686151485, 44.5, 33.28, 36.537499999999994
1686151489, 44.5, 33.28, 36.537499999999994
1686151492, 44.5, 33.28, 36.537499999999994
1686151496, 46.625, 32.12, 35.825
1686151499, 46.625, 32.12, 35.825
1686151503, 46.625, 32.12, 35.825
1686151506, 46.625, 32.12, 35.825
1686151510, 44.075, 30.73, 35.7375
1686151513, 44.075, 30.73, 35.7375
1686151516, 44.075, 30.73, 35.7375
1686151519, 44.075, 30.73, 35.7375
1686151523, 44.075, 30.73, 35.7375
1686151527, 41.550000000000004, 31.5, 31.237499999999997
1686151531, 41.550000000000004, 31.5, 31.237499999999997
1686151534, 41.550000000000004, 31.5, 31.237499999999997
1686151538, 41.550000000000004, 31.5, 31.237499999999997
1686151542, 68.475, 43.72, 33.575
1686151545, 68.475, 43.72, 33.575
1686151549, 68.475, 43.72, 33.575
1686151553, 68.475, 43.72, 33.575
1686151557, 64.7, 51.669999999999995, 39.0625
1686151560, 64.7, 51.669999999999995, 39.0625
1686151565, 64.7, 51.669999999999995, 39.0625
1686151568, 64.7, 51.669999999999995, 45.3125
1686151573, 50.375, 44.555, 48.325
1686151576, 50.375, 44.555, 48.325
1686151580, 50.375, 44.555, 48.325
1686151584, 50.375, 44.555, 43.3125
1686151587, 47.125, 43.370000000000005, 43.3125
1686151591, 47.125, 43.370000000000005, 43.3125
1686151594, 47.125, 43.370000000000005, 43.3125
1686151598, 47.125, 43.370000000000005, 43.3125
1686151604, 49.925, 38.485, 39.4125
1686151607, 49.925, 38.485, 39.4125
1686151611, 49.925, 38.485, 39.4125
1686151614, 49.925, 58.86, 45.9125
1686151618, 56.6, 58.86, 45.9125
1686151622, 56.6, 58.86, 45.9125
1686151626, 56.6, 58.86, 45.9125
1686151629, 56.6, 37.334999999999994, 42.8375
1686151634, 46.77499999999999, 37.334999999999994, 42.8375
1686151637, 46.77499999999999, 37.334999999999994, 42.8375
1686151641, 46.77499999999999, 37.334999999999994, 42.8375
1686151645, 46.77499999999999, 56.625, 44.9625
1686151648, 52.725, 56.625, 44.9625
1686151651, 52.725, 56.625, 44.9625
1686151655, 52.725, 56.625, 44.9625
1686151659, 52.725, 56.625, 42.3625
1686151662, 51.1, 52.580000000000005, 42.3625
1686151665, 51.1, 52.580000000000005, 42.3625
1686151669, 51.1, 52.580000000000005, 42.3625
1686151672, 51.1, 52.580000000000005, 42.3625
1686151676, 38.675, 40.03, 35.1625
1686151679, 38.675, 40.03, 35.1625
1686151682, 38.675, 40.03, 35.1625
1686151686, 38.675, 40.03, 35.1625
1686151690, 40.875, 38.945, 36.45
1686151693, 42.599999999999994, 38.945, 36.45
1686151697, 42.599999999999994, 38.945, 36.45
1686151701, 42.599999999999994, 38.945, 36.45
1686151704, 42.599999999999994, 36.02, 34.3125
1686151708, 38.12499999999999, 36.02, 34.3125
1686151711, 38.12499999999999, 36.02, 34.3125
1686151715, 38.12499999999999, 36.02, 34.3125
1686151718, 38.12499999999999, 36.02, 34.25
1686151722, 42.24999999999999, 33.96, 34.925
1686151725, 42.24999999999999, 33.96, 34.925
1686151729, 42.24999999999999, 33.96, 34.925
1686151733, 42.24999999999999, 33.96, 34.925
1686151736, 39.025, 35.785, 37.975
1686151740, 39.025, 35.785, 37.975
1686151743, 39.025, 35.785, 37.975
1686151746, 39.025, 35.785, 37.975
1686151750, 39.075, 35.305, 36.099999999999994
1686151753, 39.075, 35.305, 36.099999999999994
1686151757, 39.075, 35.305, 36.099999999999994
1686151760, 39.075, 35.305, 36.099999999999994
1686151764, 39.075, 35.305, 33.6625
1686151767, 40.0, 33.51, 33.6625
1686151770, 40.0, 33.51, 33.6625
1686151773, 40.0, 33.51, 33.6625
1686151778, 40.0, 33.51, 33.6625
1686151782, 41.525, 34.905, 35.425
1686151785, 41.525, 34.905, 35.425
1686151789, 41.525, 34.905, 35.425
1686151793, 41.525, 34.905, 35.425
1686151797, 43.4, 85.55499999999999, 42.15
1686151801, 43.4, 85.55499999999999, 42.15
1686151808, 43.4, 85.55499999999999, 42.15
1686151813, 44.5, 71.735, 44.5125
1686151824, 44.5, 71.735, 44.5125
1686151832, 54.075, 80.85, 70.05
1686151835, 60.425, 80.85, 70.05
1686151841, 60.425, 94.72999999999999, 92.82499999999999
1686151844, 87.44999999999999, 95.675, 92.82499999999999
1686151848, 87.44999999999999, 95.675, 92.82499999999999
1686151852, 87.44999999999999, 95.675, 92.82499999999999
1686151856, 51.175, 54.185, 49.4375
1686151859, 51.175, 54.185, 49.4375
1686151863, 51.175, 54.185, 49.4375
1686151866, 51.175, 54.185, 49.4375
1686151870, 51.324999999999996, 47.745, 51.712500000000006
1686151874, 51.85, 47.745, 51.712500000000006
1686151877, 51.85, 47.745, 51.712500000000006
1686151881, 51.85, 47.745, 51.712500000000006
1686151885, 67.89999999999999, 81.76, 80.7625
1686151888, 67.89999999999999, 81.76, 80.7625
1686151893, 67.89999999999999, 81.76, 80.7625
1686151897, 67.89999999999999, 81.76, 80.7625
1686151900, 61.699999999999996, 59.63, 60.6125
1686151904, 54.375, 59.63, 60.6125
1686151907, 54.375, 59.63, 60.6125
1686151911, 54.375, 59.63, 60.6125
1686151915, 55.275000000000006, 54.885, 55.375
1686151919, 49.75, 54.885, 55.375
1686151923, 49.75, 54.885, 55.375
1686151926, 49.75, 54.885, 55.375
1686151930, 49.75, 81.91999999999999, 75.23750000000001
1686151933, 70.65, 81.91999999999999, 75.23750000000001
1686151937, 70.65, 81.91999999999999, 75.23750000000001
1686151940, 70.65, 81.91999999999999, 75.23750000000001
1686151943, 70.65, 81.91999999999999, 75.23750000000001
1686151947, 53.7, 66.53999999999999, 63.12500000000001
1686151950, 53.7, 66.53999999999999, 63.12500000000001
1686151954, 53.7, 66.53999999999999, 63.12500000000001
1686151957, 53.7, 66.53999999999999, 63.12500000000001
1686151960, 53.150000000000006, 54.355, 53.550000000000004
1686151964, 53.150000000000006, 54.355, 53.550000000000004
1686151967, 53.150000000000006, 54.355, 53.550000000000004
1686151971, 53.150000000000006, 54.355, 53.550000000000004
1686151974, 53.150000000000006, 81.48, 81.775
1686151978, 69.725, 81.48, 81.775
1686151982, 69.725, 81.48, 81.775
1686151985, 69.725, 81.48, 81.775
1686151989, 69.725, 81.48, 68.1875
1686151993, 56.0, 62.905, 68.1875
1686151996, 56.0, 62.905, 68.1875
1686152000, 56.0, 62.905, 68.1875
1686152004, 56.0, 62.905, 46.099999999999994
1686152007, 52.6, 55.63, 46.099999999999994
1686152010, 52.6, 55.63, 46.099999999999994
1686152014, 52.6, 55.63, 46.099999999999994
1686152017, 52.6, 55.63, 46.099999999999994
1686152021, 66.625, 79.555, 84.1
1686152025, 66.625, 79.555, 84.1
1686152029, 66.625, 79.555, 84.1
1686152032, 66.625, 79.555, 84.1
1686152036, 62.45, 68.145, 74.36250000000001
1686152039, 62.45, 68.145, 74.36250000000001
1686152043, 62.45, 68.145, 74.36250000000001
1686152047, 62.45, 68.145, 74.36250000000001
1686152050, 56.849999999999994, 51.98500000000001, 56.00000000000001
1686152053, 52.224999999999994, 51.98500000000001, 56.00000000000001
1686152057, 52.224999999999994, 51.98500000000001, 56.00000000000001
1686152060, 52.224999999999994, 51.98500000000001, 56.00000000000001
1686152064, 52.224999999999994, 79.5, 78.0625
1686152067, 73.80000000000001, 79.5, 78.0625
1686152071, 73.80000000000001, 79.5, 78.0625
1686152074, 73.80000000000001, 79.5, 78.0625
1686152078, 73.80000000000001, 79.5, 78.0625
1686152082, 69.225, 75.765, 82.525
1686152085, 69.225, 75.765, 82.525
1686152089, 69.225, 75.765, 82.525
1686152092, 69.225, 75.765, 82.525
1686152095, 56.2, 72.195, 68.6375
1686152099, 56.2, 72.195, 68.6375
1686152103, 56.2, 72.195, 68.6375
1686152106, 56.2, 72.195, 68.6375
1686152110, 56.2, 56.98500000000001, 59.462500000000006
1686152114, 50.95, 56.98500000000001, 59.462500000000006
1686152118, 50.95, 56.98500000000001, 59.462500000000006
1686152121, 50.95, 56.98500000000001, 59.462500000000006
1686152125, 57.05, 83.89, 74.575
1686152128, 64.02499999999999, 83.89, 74.575
1686152132, 64.02499999999999, 83.89, 74.575
1686152136, 64.02499999999999, 83.89, 74.575
1686152140, 64.02499999999999, 61.85, 58.7875
1686152144, 53.425, 61.85, 58.7875
1686152147, 53.425, 61.85, 58.7875
1686152151, 53.425, 61.85, 58.7875
1686152155, 53.425, 62.26, 62.1875
1686152158, 53.5, 62.26, 62.1875
1686152162, 53.5, 62.26, 62.1875
1686152165, 53.5, 62.26, 62.1875
1686152170, 53.5, 75.79, 72.8625
1686152174, 59.8, 75.79, 72.8625
1686152177, 59.8, 75.79, 72.8625
1686152181, 59.8, 75.79, 72.8625
1686152184, 59.8, 75.79, 80.275
1686152188, 71.625, 85.06, 80.275
1686152191, 71.625, 85.06, 80.275
1686152194, 71.625, 85.06, 80.275
1686152199, 71.625, 85.06, 72.675
1686152203, 55.87499999999999, 67.10000000000001, 59.862500000000004
1686152207, 55.87499999999999, 67.10000000000001, 59.862500000000004
1686152210, 55.87499999999999, 67.10000000000001, 59.862500000000004
1686152214, 55.87499999999999, 67.10000000000001, 51.337500000000006
1686152218, 46.949999999999996, 51.300000000000004, 51.337500000000006
1686152222, 46.949999999999996, 51.300000000000004, 51.337500000000006
1686152225, 46.949999999999996, 51.300000000000004, 51.337500000000006
1686152229, 46.949999999999996, 51.300000000000004, 68.9625
1686152232, 63.0, 81.015, 75.63749999999999
1686152236, 63.0, 81.015, 75.63749999999999
1686152239, 63.0, 81.015, 75.63749999999999
1686152243, 63.0, 81.015, 75.63749999999999
1686152246, 62.975, 68.97, 69.8625
1686152250, 62.975, 68.97, 69.8625
1686152253, 62.975, 68.97, 69.8625
1686152257, 62.975, 68.97, 69.8625
1686152260, 49.675, 59.57, 54.125
1686152264, 49.675, 59.57, 54.125
1686152268, 49.675, 59.57, 54.125
1686152272, 49.675, 59.57, 54.125
1686152276, 70.375, 76.97500000000001, 73.8375
1686152279, 70.375, 76.97500000000001, 73.8375
1686152282, 70.375, 76.97500000000001, 73.8375
1686152286, 70.375, 76.97500000000001, 73.8375
1686152290, 70.375, 84.54, 85.7375
1686152294, 66.775, 84.54, 85.7375
1686152298, 66.775, 84.54, 85.7375
1686152301, 66.775, 84.54, 85.7375
1686152305, 58.675, 62.69, 61.387499999999996
1686152308, 52.599999999999994, 62.69, 61.387499999999996
1686152312, 52.599999999999994, 62.69, 61.387499999999996
1686152316, 52.599999999999994, 62.69, 61.387499999999996
1686152320, 56.425, 63.955, 56.1875
1686152323, 56.349999999999994, 63.955, 56.1875
1686152327, 56.349999999999994, 63.955, 56.1875
1686152330, 56.349999999999994, 63.955, 56.1875
1686152333, 56.349999999999994, 63.955, 84.2625
1686152337, 67.675, 77.945, 84.2625
1686152341, 67.675, 77.945, 84.2625
1686152344, 67.675, 77.945, 84.2625
1686152348, 67.675, 77.945, 84.2625
1686152351, 50.224999999999994, 67.015, 65.475
1686152355, 50.224999999999994, 67.015, 65.475
1686152358, 50.224999999999994, 67.015, 65.475
1686152362, 50.224999999999994, 67.015, 65.475
1686152365, 55.65, 54.53, 59.025
1686152368, 55.65, 54.53, 59.025
1686152372, 55.65, 54.53, 59.025
1686152375, 55.65, 54.53, 59.025
1686152379, 55.65, 54.53, 82.07499999999999
1686152382, 62.724999999999994, 80.585, 82.07499999999999
1686152386, 62.724999999999994, 80.585, 82.07499999999999
1686152390, 62.724999999999994, 80.585, 82.07499999999999
1686152394, 62.724999999999994, 80.585, 57.0875
1686152397, 54.825, 54.28, 57.0875
1686152401, 54.825, 54.28, 57.0875
1686152404, 54.825, 54.28, 57.0875
1686152408, 54.825, 54.28, 57.0875
1686152413, 46.849999999999994, 42.160000000000004, 48.8875
1686152416, 46.849999999999994, 42.160000000000004, 48.8875
1686152419, 46.849999999999994, 42.160000000000004, 48.8875
1686152423, 46.849999999999994, 42.160000000000004, 48.8875
1686152427, 69.92500000000001, 81.61, 85.0125
1686152431, 69.92500000000001, 81.61, 85.0125
1686152434, 69.92500000000001, 81.61, 85.0125
1686152437, 69.92500000000001, 81.61, 85.0125
1686152441, 63.10000000000001, 73.445, 69.825
1686152445, 63.10000000000001, 73.445, 69.825
1686152448, 63.10000000000001, 73.445, 69.825
1686152452, 63.10000000000001, 73.445, 69.825
1686152455, 58.89999999999999, 58.269999999999996, 56.175000000000004
1686152459, 58.89999999999999, 58.269999999999996, 56.175000000000004
1686152463, 58.89999999999999, 58.269999999999996, 56.175000000000004
1686152466, 58.89999999999999, 58.269999999999996, 56.175000000000004
1686152469, 66.82499999999999, 85.24000000000001, 88.2875
1686152473, 72.42500000000001, 85.24000000000001, 88.2875
1686152477, 72.42500000000001, 85.24000000000001, 88.2875
1686152481, 72.42500000000001, 85.24000000000001, 88.2875
1686152485, 72.42500000000001, 72.16, 67.6125
1686152488, 59.875, 72.16, 67.6125
1686152493, 59.875, 72.16, 67.6125
1686152496, 59.875, 72.16, 67.6125
1686152500, 55.625, 57.02, 55.0
1686152503, 53.849999999999994, 57.02, 55.0
1686152506, 53.849999999999994, 57.02, 55.0
1686152509, 53.849999999999994, 57.02, 55.0
1686152513, 53.849999999999994, 57.02, 55.0
1686152516, 86.57499999999999, 84.375, 78.0125
1686152520, 86.57499999999999, 84.375, 78.0125
1686152523, 86.57499999999999, 84.375, 78.0125
1686152527, 86.57499999999999, 84.375, 78.0125
1686152531, 61.425, 72.10000000000001, 68.52499999999999
1686152534, 61.425, 72.10000000000001, 68.52499999999999
1686152537, 61.425, 72.10000000000001, 68.52499999999999
1686152541, 61.425, 72.10000000000001, 68.52499999999999
1686152546, 58.55, 60.945, 56.7625
1686152549, 58.55, 60.945, 56.7625
1686152553, 58.55, 60.945, 56.7625
1686152557, 58.55, 60.945, 56.7625
1686152560, 75.69999999999999, 85.435, 82.39999999999999
1686152563, 75.69999999999999, 85.435, 82.39999999999999
1686152566, 75.69999999999999, 85.435, 82.39999999999999
1686152569, 75.69999999999999, 85.435, 82.39999999999999
1686152573, 75.69999999999999, 85.435, 82.39999999999999
1686152576, 61.72500000000001, 66.10499999999999, 65.15
1686152580, 61.72500000000001, 66.10499999999999, 65.15
1686152584, 61.72500000000001, 66.10499999999999, 65.15
1686152587, 61.72500000000001, 66.10499999999999, 65.15
1686152591, 58.199999999999996, 44.985, 54.325
1686152595, 58.199999999999996, 44.985, 54.325
1686152598, 58.199999999999996, 44.985, 54.325
1686152602, 58.199999999999996, 44.985, 54.325
1686152605, 67.6, 85.055, 82.7
1686152609, 67.6, 85.055, 82.7
1686152612, 67.6, 85.055, 82.7
1686152616, 67.6, 85.055, 82.7
1686152620, 67.6, 63.53, 72.6875
1686152624, 59.425, 63.53, 72.6875
1686152627, 59.425, 63.53, 72.6875
1686152632, 59.425, 63.53, 72.6875
1686152636, 61.87499999999999, 63.51, 59.3625
1686152639, 58.0, 63.51, 59.3625
1686152642, 58.0, 63.51, 59.3625
1686152646, 58.0, 63.51, 59.3625
1686152650, 64.775, 89.82, 82.6125
1686152653, 74.975, 89.82, 82.6125
1686152657, 74.975, 89.82, 82.6125
1686152661, 74.975, 89.82, 82.6125
1686152664, 74.975, 71.625, 59.474999999999994
1686152668, 60.12499999999999, 64.79, 59.474999999999994
1686152671, 60.12499999999999, 64.79, 59.474999999999994
1686152675, 60.12499999999999, 64.79, 59.474999999999994
1686152679, 60.12499999999999, 64.79, 61.6125
1686152683, 64.9, 62.985, 61.6125
1686152686, 64.9, 62.985, 61.6125
1686152690, 64.9, 62.985, 61.6125
1686152693, 64.9, 62.985, 82.0375
1686152697, 76.5, 87.36000000000001, 82.0375
1686152701, 76.5, 87.36000000000001, 82.0375
1686152705, 76.5, 87.36000000000001, 82.0375
1686152709, 76.5, 87.36000000000001, 82.0375
1686152712, 63.074999999999996, 65.705, 55.3625
1686152716, 63.074999999999996, 65.705, 55.3625
1686152719, 63.074999999999996, 65.705, 55.3625
1686152723, 63.074999999999996, 65.705, 55.3625
1686152727, 54.6, 51.325, 55.612500000000004
1686152731, 54.6, 51.325, 55.612500000000004
1686152735, 54.6, 51.325, 55.612500000000004
1686152738, 54.6, 51.325, 55.612500000000004
1686152742, 73.1, 84.31499999999998, 87.26249999999999
1686152746, 73.1, 84.31499999999998, 87.26249999999999
1686152750, 73.1, 84.31499999999998, 87.26249999999999
1686152753, 73.1, 84.31499999999998, 87.26249999999999
1686152756, 58.599999999999994, 68.545, 78.7125
1686152760, 58.599999999999994, 68.545, 78.7125
1686152763, 58.599999999999994, 68.545, 78.7125
1686152767, 58.599999999999994, 68.545, 78.7125
1686152770, 58.575, 50.995, 54.4875
1686152775, 58.575, 50.995, 54.4875
1686152778, 58.575, 50.995, 54.4875
1686152782, 58.575, 50.995, 54.4875
1686152785, 77.4, 86.05000000000001, 76.5375
1686152789, 77.4, 86.05000000000001, 76.5375
1686152792, 77.4, 86.05000000000001, 76.5375
1686152797, 77.4, 86.05000000000001, 76.5375
1686152800, 62.72500000000001, 68.82000000000001, 66.4625
1686152804, 62.72500000000001, 68.82000000000001, 66.4625
1686152808, 62.72500000000001, 68.82000000000001, 66.4625
1686152811, 62.72500000000001, 68.82000000000001, 66.4625
1686152815, 62.72500000000001, 65.185, 57.9875
1686152818, 55.775000000000006, 65.185, 57.9875
1686152822, 55.775000000000006, 65.185, 57.9875
1686152826, 55.775000000000006, 65.185, 57.9875
1686152830, 60.150000000000006, 88.5, 85.46249999999999
1686152833, 70.575, 88.5, 85.46249999999999
1686152837, 70.575, 88.5, 85.46249999999999
1686152841, 70.575, 88.5, 85.46249999999999
1686152845, 70.575, 63.315, 65.35
1686152849, 61.375, 63.315, 65.35
1686152852, 61.375, 63.315, 65.35
1686152856, 61.375, 63.315, 65.35
1686152859, 61.375, 68.69, 60.525000000000006
1686152863, 58.849999999999994, 68.69, 60.525000000000006
1686152866, 58.849999999999994, 68.69, 60.525000000000006
1686152870, 58.849999999999994, 68.69, 60.525000000000006
1686152874, 58.849999999999994, 79.39, 85.54999999999998
1686152878, 73.8, 87.26499999999999, 85.54999999999998
1686152882, 73.8, 87.26499999999999, 85.54999999999998
1686152886, 73.8, 87.26499999999999, 85.54999999999998
1686152890, 73.8, 60.964999999999996, 58.287499999999994
1686152893, 57.625, 60.964999999999996, 58.287499999999994
1686152897, 57.625, 60.964999999999996, 58.287499999999994
1686152901, 57.625, 60.964999999999996, 58.287499999999994
1686152904, 57.625, 60.964999999999996, 61.0625
1686152908, 51.975, 52.27, 61.0625
1686152911, 51.975, 52.27, 61.0625
1686152915, 51.975, 52.27, 61.0625
1686152919, 51.975, 72.545, 89.4
1686152922, 68.65, 85.13, 89.4
1686152926, 68.65, 85.13, 89.4
1686152929, 68.65, 85.13, 89.4
1686152933, 68.65, 85.13, 89.4
1686152937, 50.95, 65.195, 65.5
1686152940, 50.95, 65.195, 65.5
1686152943, 50.95, 65.195, 65.5
1686152947, 50.95, 65.195, 65.5
1686152951, 53.0, 59.224999999999994, 49.28750000000001
1686152954, 53.0, 59.224999999999994, 49.28750000000001
1686152959, 53.0, 59.224999999999994, 49.28750000000001
1686152964, 53.0, 59.224999999999994, 49.28750000000001
1686152968, 65.55, 85.85, 86.1875
1686152971, 65.55, 85.85, 86.1875
1686152975, 65.55, 85.85, 86.1875
1686152979, 65.55, 85.85, 72.47500000000001
1686152982, 60.875, 70.715, 72.47500000000001
1686152986, 60.875, 70.715, 72.47500000000001
1686152990, 60.875, 70.715, 72.47500000000001
1686152993, 60.875, 70.715, 72.47500000000001
1686152996, 52.974999999999994, 62.74, 49.775
1686152999, 52.974999999999994, 62.74, 49.775
1686153003, 52.974999999999994, 62.74, 49.775
1686153006, 52.974999999999994, 62.74, 49.775
1686153010, 75.82499999999999, 88.86, 82.96249999999999
1686153013, 75.82499999999999, 88.86, 82.96249999999999
1686153017, 75.82499999999999, 88.86, 82.96249999999999
1686153022, 75.82499999999999, 88.86, 82.96249999999999
1686153025, 68.375, 66.6, 63.662499999999994
1686153029, 62.625, 66.6, 63.662499999999994
1686153032, 62.625, 66.6, 63.662499999999994
1686153037, 62.625, 66.6, 63.662499999999994
1686153040, 57.425000000000004, 53.785, 60.275
1686153043, 57.425000000000004, 53.785, 60.275
1686153046, 57.425000000000004, 53.785, 60.275
1686153050, 57.425000000000004, 53.785, 60.275
1686153053, 57.425000000000004, 53.785, 70.0625
1686153057, 76.25, 84.51, 87.2625
1686153060, 76.25, 84.51, 87.2625
1686153064, 76.25, 84.51, 87.2625
1686153068, 76.25, 84.51, 87.2625
1686153072, 66.35000000000001, 67.745, 64.2375
1686153075, 66.35000000000001, 67.745, 64.2375
1686153079, 66.35000000000001, 67.745, 64.2375
1686153083, 66.35000000000001, 67.745, 62.287499999999994
1686153086, 47.8, 57.2, 56.337500000000006
1686153090, 47.8, 57.2, 56.337500000000006
1686153093, 47.8, 57.2, 56.337500000000006
1686153098, 47.8, 57.2, 56.337500000000006
1686153101, 76.1, 86.745, 83.2375
1686153104, 76.1, 86.745, 83.2375
1686153108, 76.1, 86.745, 83.2375
1686153111, 76.1, 86.745, 83.2375
1686153116, 76.1, 75.23, 67.60000000000001
1686153120, 61.325, 75.23, 67.60000000000001
1686153123, 61.325, 75.23, 67.60000000000001
1686153127, 61.325, 75.23, 67.60000000000001
1686153131, 56.675, 58.705, 58.300000000000004
1686153135, 56.675, 58.705, 58.300000000000004
1686153138, 56.675, 58.705, 58.300000000000004
1686153142, 56.675, 58.705, 58.300000000000004
1686153146, 70.8, 86.34500000000001, 84.625
1686153150, 70.8, 86.34500000000001, 84.625
1686153153, 70.8, 86.34500000000001, 84.625
1686153157, 70.8, 86.34500000000001, 84.625
1686153160, 70.8, 65.185, 68.55000000000001
1686153164, 60.099999999999994, 65.185, 68.55000000000001
1686153168, 60.099999999999994, 65.185, 68.55000000000001
1686153171, 60.099999999999994, 65.185, 68.55000000000001
1686153175, 55.85, 59.184999999999995, 50.3625
1686153179, 55.85, 59.184999999999995, 50.3625
1686153183, 55.85, 59.184999999999995, 50.3625
1686153187, 55.85, 59.184999999999995, 50.3625
1686153190, 57.55, 73.405, 67.95
1686153194, 57.55, 73.405, 67.95
1686153198, 57.55, 73.405, 67.95
1686153202, 57.55, 73.405, 67.95
1686153205, 53.85, 44.915, 42.849999999999994
1686153209, 45.35, 44.915, 42.849999999999994
1686153213, 45.35, 44.915, 42.849999999999994
1686153217, 45.35, 44.915, 42.849999999999994
1686153221, 42.349999999999994, 41.334999999999994, 40.5625
1686153224, 42.349999999999994, 41.334999999999994, 40.5625
1686153228, 42.349999999999994, 41.334999999999994, 40.5625
1686153231, 42.349999999999994, 41.334999999999994, 40.5625
1686153235, 42.349999999999994, 46.379999999999995, 49.599999999999994
1686153238, 51.5, 46.379999999999995, 49.599999999999994
1686153242, 51.5, 46.379999999999995, 49.599999999999994
1686153247, 51.5, 46.379999999999995, 49.599999999999994
1686153250, 48.925, 41.055, 41.025
1686153254, 42.325, 41.055, 41.025
1686153257, 42.325, 41.055, 41.025
1686153261, 42.325, 41.055, 41.025
1686153265, 46.175, 55.665000000000006, 50.25
1686153269, 46.175, 55.665000000000006, 50.25
1686153273, 46.175, 55.665000000000006, 50.25
1686153276, 46.175, 55.665000000000006, 50.25
1686153280, 46.175, 43.505, 47.2125
1686153284, 43.325, 43.505, 47.2125
1686153287, 43.325, 43.505, 47.2125
1686153291, 43.325, 43.505, 47.2125
1686153295, 43.325, 44.644999999999996, 44.2375
1686153298, 46.25, 44.644999999999996, 44.2375
1686153301, 46.25, 44.644999999999996, 44.2375
1686153305, 46.25, 44.644999999999996, 44.2375
1686153308, 46.25, 44.644999999999996, 41.9625
1686153312, 45.575, 47.245, 41.9625
1686153315, 45.575, 47.245, 41.9625
1686153318, 45.575, 47.245, 41.9625
1686153322, 45.575, 47.245, 41.9625
1686153326, 46.925, 50.205, 48.9875
1686153329, 46.925, 50.205, 48.9875
1686153333, 46.925, 50.205, 48.9875
1686153336, 46.925, 50.205, 48.9875
1686153340, 46.925, 48.695, 41.7125
1686153344, 42.375, 48.695, 41.7125
1686153347, 42.375, 48.695, 41.7125
1686153351, 42.375, 48.695, 41.7125
1686153354, 42.375, 45.294999999999995, 46.575
1686153358, 46.724999999999994, 42.614999999999995, 46.575
1686153362, 46.724999999999994, 42.614999999999995, 46.575
