1686083809, 45.525000000000006, 36.735, 42.05
1686083813, 45.525000000000006, 36.735, 42.05
1686083817, 45.525000000000006, 36.735, 42.05
1686083820, 70.4, 51.22, 59.35
1686083822, 70.4, 51.22, 59.35
1686083825, 70.4, 51.22, 59.35
1686083828, 70.4, 51.22, 59.35
1686083831, 70.4, 51.22, 59.35
1686083835, 68.9, 57.71000000000001, 69.7625
1686083838, 79.65, 57.71000000000001, 69.7625
1686083841, 79.65, 57.71000000000001, 69.7625
1686083844, 79.65, 57.71000000000001, 69.7625
1686083847, 79.65, 57.71000000000001, 69.7625
1686083850, 79.65, 57.71000000000001, 76.2875
1686083853, 78.725, 58.839999999999996, 76.2875
1686083856, 78.725, 58.839999999999996, 76.2875
1686083859, 78.725, 58.839999999999996, 76.2875
1686083863, 78.725, 58.839999999999996, 76.2875
1686083865, 78.725, 58.839999999999996, 76.2875
1686083869, 80.875, 55.61, 84.4375
1686083871, 80.875, 55.61, 84.4375
1686083875, 80.875, 55.61, 84.4375
1686083878, 80.875, 55.61, 77.5
1686083880, 82.1, 55.87, 77.5
1686083883, 82.1, 55.87, 77.5
1686083885, 82.1, 55.87, 77.5
1686083888, 82.1, 55.87, 77.5
1686083892, 82.1, 55.87, 77.5
1686083895, 53.825, 44.53, 54.0625
1686083897, 53.825, 44.53, 54.0625
1686083900, 53.825, 44.53, 54.0625
1686083902, 53.825, 44.53, 54.0625
1686083905, 53.825, 44.53, 54.0625
1686083908, 53.825, 44.53, 60.9125
1686083911, 67.1, 45.785000000000004, 60.9125
1686083913, 67.1, 45.785000000000004, 60.9125
1686083916, 67.1, 45.785000000000004, 60.9125
1686083919, 67.1, 45.785000000000004, 60.9125
1686083922, 67.1, 45.785000000000004, 60.9125
1686083925, 92.65, 59.18000000000001, 80.375
1686083927, 92.65, 59.18000000000001, 80.375
1686083930, 92.65, 59.18000000000001, 80.375
1686083934, 92.65, 59.18000000000001, 80.375
1686083938, 92.65, 59.18000000000001, 61.05
1686083941, 65.125, 53.635000000000005, 61.05
1686083944, 65.125, 53.635000000000005, 61.05
1686083947, 65.125, 53.635000000000005, 61.05
1686083950, 65.125, 53.635000000000005, 61.05
1686083953, 65.125, 54.080000000000005, 64.65
1686083955, 71.475, 58.965, 64.65
1686083958, 71.475, 58.965, 64.65
1686083961, 71.475, 58.965, 64.65
1686083964, 71.475, 58.965, 64.65
1686083966, 71.475, 58.965, 64.65
1686083969, 83.64999999999999, 63.885000000000005, 83.3
1686083973, 92.44999999999999, 63.885000000000005, 83.3
1686083975, 92.44999999999999, 63.885000000000005, 83.3
1686083978, 92.44999999999999, 63.885000000000005, 83.3
1686083981, 92.44999999999999, 63.885000000000005, 83.3
1686083983, 92.44999999999999, 60.535, 67.85000000000001
1686083986, 63.599999999999994, 55.644999999999996, 67.85000000000001
1686083988, 63.599999999999994, 55.644999999999996, 67.85000000000001
1686083991, 63.599999999999994, 55.644999999999996, 67.85000000000001
1686083994, 63.599999999999994, 55.644999999999996, 67.85000000000001
1686083996, 63.599999999999994, 55.644999999999996, 67.85000000000001
1686083999, 64.2, 46.08, 54.987500000000004
1686084002, 65.075, 46.08, 54.987500000000004
1686084005, 65.075, 46.08, 54.987500000000004
1686084007, 65.075, 46.08, 54.987500000000004
1686084010, 65.075, 46.08, 54.987500000000004
1686084013, 65.075, 46.08, 80.0375
1686084016, 91.39999999999999, 61.394999999999996, 80.0375
1686084018, 91.39999999999999, 61.394999999999996, 80.0375
1686084021, 91.39999999999999, 61.394999999999996, 80.0375
1686084023, 91.39999999999999, 61.394999999999996, 80.0375
1686084026, 91.39999999999999, 61.394999999999996, 80.0375
1686084029, 91.39999999999999, 47.099999999999994, 54.925
1686084032, 65.85, 47.099999999999994, 54.925
1686084034, 65.85, 47.099999999999994, 54.925
1686084037, 65.85, 47.099999999999994, 54.925
1686084040, 65.85, 47.099999999999994, 54.925
1686084043, 65.85, 47.099999999999994, 63.2
1686084045, 63.150000000000006, 45.13, 63.2
1686084048, 63.150000000000006, 45.13, 63.2
1686084050, 63.150000000000006, 45.13, 63.2
1686084053, 63.150000000000006, 45.13, 63.2
1686084055, 63.150000000000006, 45.13, 63.2
1686084059, 63.150000000000006, 55.355000000000004, 82.65
1686084061, 91.0, 60.19, 82.65
1686084065, 91.0, 60.19, 82.65
1686084067, 91.0, 60.19, 82.65
1686084069, 91.0, 60.19, 82.65
1686084072, 91.0, 60.19, 82.65
1686084075, 69.32499999999999, 51.47, 55.25
1686084078, 69.32499999999999, 51.47, 55.25
1686084080, 69.32499999999999, 51.47, 55.25
1686084083, 69.32499999999999, 51.47, 55.25
1686084085, 69.32499999999999, 51.47, 55.25
1686084088, 69.32499999999999, 51.47, 56.025
1686084091, 61.55, 44.405, 56.025
1686084094, 61.55, 44.405, 56.025
1686084096, 61.55, 44.405, 56.025
1686084099, 61.55, 44.405, 56.025
1686084101, 61.55, 44.405, 56.025
1686084104, 61.55, 61.17999999999999, 81.0125
1686084107, 89.1, 61.17999999999999, 81.0125
1686084110, 89.1, 61.17999999999999, 81.0125
1686084113, 89.1, 61.17999999999999, 81.0125
1686084115, 89.1, 61.17999999999999, 81.0125
1686084119, 89.1, 51.375, 67.25
1686084122, 76.025, 51.375, 67.25
1686084124, 76.025, 51.375, 67.25
1686084126, 76.025, 51.375, 67.25
1686084129, 76.025, 51.375, 67.25
1686084133, 76.025, 51.375, 60.6
1686084136, 57.2, 43.94499999999999, 60.6
1686084139, 57.2, 43.94499999999999, 60.6
1686084142, 57.2, 43.94499999999999, 60.6
1686084144, 57.2, 43.94499999999999, 60.6
1686084147, 57.2, 43.94499999999999, 60.6
1686084150, 91.10000000000001, 64.955, 82.9125
1686084152, 91.10000000000001, 64.955, 82.9125
1686084154, 91.10000000000001, 64.955, 82.9125
1686084157, 91.10000000000001, 64.955, 82.9125
1686084160, 91.10000000000001, 64.955, 82.9125
1686084163, 91.10000000000001, 64.955, 67.625
1686084165, 67.25, 53.585, 67.625
1686084168, 67.25, 53.585, 67.625
1686084171, 67.25, 53.585, 67.625
1686084174, 67.25, 53.585, 67.625
1686084176, 67.25, 53.585, 67.625
1686084179, 67.25, 50.735, 60.0
1686084182, 65.7, 50.735, 60.0
1686084184, 65.7, 50.735, 60.0
1686084187, 65.7, 50.735, 60.0
1686084189, 65.7, 50.735, 60.0
1686084192, 65.7, 50.735, 60.0
1686084195, 89.925, 59.08, 79.23750000000001
1686084198, 89.925, 59.08, 79.23750000000001
1686084201, 89.925, 59.08, 79.23750000000001
1686084203, 89.925, 59.08, 79.23750000000001
1686084206, 89.925, 59.08, 79.23750000000001
1686084209, 89.925, 53.69, 72.3625
1686084212, 65.35000000000001, 55.05, 72.3625
1686084214, 65.35000000000001, 55.05, 72.3625
1686084216, 65.35000000000001, 55.05, 72.3625
1686084219, 65.35000000000001, 55.05, 72.3625
1686084222, 65.35000000000001, 55.05, 72.3625
1686084226, 66.525, 48.08500000000001, 55.5125
1686084228, 66.525, 48.08500000000001, 55.5125
1686084231, 66.525, 48.08500000000001, 55.5125
1686084235, 66.525, 48.08500000000001, 55.5125
1686084237, 66.525, 48.08500000000001, 73.23750000000001
1686084240, 93.64999999999999, 62.584999999999994, 79.9375
1686084243, 93.64999999999999, 62.584999999999994, 79.9375
1686084246, 93.64999999999999, 62.584999999999994, 79.9375
1686084249, 93.64999999999999, 62.584999999999994, 79.9375
1686084252, 93.64999999999999, 62.584999999999994, 79.9375
1686084254, 93.64999999999999, 56.555, 73.375
1686084257, 66.1, 56.555, 73.375
1686084260, 66.1, 56.555, 73.375
1686084264, 66.1, 56.555, 73.375
1686084266, 66.1, 56.555, 73.375
1686084269, 66.1, 52.045, 52.4125
1686084271, 66.9, 43.97, 52.4125
1686084274, 66.9, 43.97, 52.4125
1686084276, 66.9, 43.97, 52.4125
1686084278, 66.9, 43.97, 52.4125
1686084281, 66.9, 43.97, 52.4125
1686084283, 66.9, 43.97, 79.9125
1686084285, 92.4, 56.675, 79.9125
1686084288, 92.4, 56.675, 79.9125
1686084290, 92.4, 56.675, 79.9125
1686084293, 92.4, 56.675, 79.9125
1686084296, 92.4, 56.675, 79.9125
1686084299, 92.4, 52.735, 69.4
1686084301, 68.275, 55.714999999999996, 69.4
1686084305, 68.275, 55.714999999999996, 69.4
1686084308, 68.275, 55.714999999999996, 69.4
1686084310, 68.275, 55.714999999999996, 69.4
1686084314, 68.275, 48.324999999999996, 54.0
1686084316, 65.525, 48.324999999999996, 54.0
1686084318, 65.525, 48.324999999999996, 54.0
1686084321, 65.525, 48.324999999999996, 54.0
1686084324, 65.525, 48.324999999999996, 54.0
1686084327, 65.525, 48.324999999999996, 54.0
1686084330, 89.14999999999999, 61.790000000000006, 83.88749999999999
1686084332, 89.14999999999999, 61.790000000000006, 83.88749999999999
1686084335, 89.14999999999999, 61.790000000000006, 83.88749999999999
1686084338, 89.14999999999999, 61.790000000000006, 83.88749999999999
1686084340, 89.14999999999999, 61.790000000000006, 83.88749999999999
1686084343, 89.14999999999999, 61.790000000000006, 65.1875
1686084346, 63.224999999999994, 55.795, 65.1875
1686084348, 63.224999999999994, 55.795, 65.1875
1686084351, 63.224999999999994, 55.795, 65.1875
1686084354, 63.224999999999994, 55.795, 65.1875
1686084356, 63.224999999999994, 55.795, 65.1875
1686084359, 63.224999999999994, 48.38, 59.5125
1686084362, 73.725, 48.38, 59.5125
1686084365, 73.725, 48.38, 59.5125
1686084368, 73.725, 48.38, 59.5125
1686084370, 73.725, 48.38, 59.5125
1686084374, 73.725, 59.415000000000006, 84.35
1686084376, 88.5, 59.415000000000006, 84.35
1686084378, 88.5, 59.415000000000006, 84.35
1686084382, 88.5, 59.415000000000006, 84.35
1686084384, 88.5, 59.415000000000006, 84.35
1686084386, 88.5, 59.415000000000006, 84.35
1686084389, 88.5, 51.22, 62.87500000000001
1686084392, 76.625, 51.22, 62.87500000000001
1686084395, 76.625, 51.22, 62.87500000000001
1686084397, 76.625, 51.22, 62.87500000000001
1686084400, 76.625, 51.22, 62.87500000000001
1686084403, 76.625, 49.394999999999996, 62.575
1686084406, 60.900000000000006, 44.365, 62.575
1686084409, 60.900000000000006, 44.365, 62.575
1686084411, 60.900000000000006, 44.365, 62.575
1686084414, 60.900000000000006, 44.365, 62.575
1686084416, 60.900000000000006, 44.365, 62.575
1686084418, 60.900000000000006, 60.685, 81.35
1686084421, 90.89999999999999, 60.685, 81.35
1686084424, 90.89999999999999, 60.685, 81.35
1686084427, 90.89999999999999, 60.685, 81.35
1686084430, 90.89999999999999, 60.685, 81.35
1686084433, 90.89999999999999, 60.685, 58.125
1686084436, 72.45, 49.735, 58.125
1686084439, 72.45, 49.735, 58.125
1686084442, 72.45, 49.735, 58.125
1686084444, 72.45, 49.735, 58.125
1686084447, 72.45, 49.735, 58.125
1686084450, 64.275, 44.655, 65.73750000000001
1686084453, 64.275, 44.655, 65.73750000000001
1686084456, 64.275, 44.655, 65.73750000000001
1686084459, 64.275, 44.655, 65.73750000000001
1686084461, 64.275, 44.655, 65.73750000000001
1686084465, 91.075, 57.635, 82.725
1686084468, 91.075, 57.635, 82.725
1686084471, 91.075, 57.635, 82.725
1686084474, 91.075, 57.635, 82.725
1686084477, 91.075, 57.635, 82.725
1686084480, 91.075, 51.92, 63.7
1686084484, 65.875, 51.92, 63.7
1686084487, 65.875, 51.92, 63.7
1686084490, 65.875, 51.92, 63.7
1686084493, 65.875, 51.92, 57.3
1686084495, 63.825, 45.07, 57.3
1686084498, 63.825, 45.07, 57.3
1686084501, 63.825, 45.07, 57.3
1686084504, 63.825, 45.07, 57.3
1686084506, 63.825, 45.07, 57.3
1686084509, 63.825, 63.035, 83.85
1686084512, 91.64999999999999, 63.035, 83.85
1686084515, 91.64999999999999, 63.035, 83.85
1686084517, 91.64999999999999, 63.035, 83.85
1686084520, 91.64999999999999, 63.035, 83.85
1686084523, 91.64999999999999, 63.035, 68.4875
1686084526, 70.225, 57.10499999999999, 68.4875
1686084529, 70.225, 57.10499999999999, 68.4875
1686084532, 70.225, 57.10499999999999, 68.4875
1686084535, 70.225, 57.10499999999999, 68.4875
1686084538, 70.225, 50.964999999999996, 60.1625
1686084541, 69.775, 48.67, 60.1625
1686084543, 69.775, 48.67, 60.1625
1686084546, 69.775, 48.67, 60.1625
1686084549, 69.775, 48.67, 60.1625
1686084552, 69.775, 48.67, 60.1625
1686084556, 88.19999999999999, 60.39, 78.4625
1686084558, 88.19999999999999, 60.39, 78.4625
1686084561, 88.19999999999999, 60.39, 78.4625
1686084564, 88.19999999999999, 60.39, 78.4625
1686084567, 88.19999999999999, 60.39, 78.4625
1686084569, 88.19999999999999, 54.25, 74.975
1686084572, 70.57499999999999, 54.25, 74.975
1686084574, 70.57499999999999, 54.25, 74.975
1686084578, 70.57499999999999, 54.25, 74.975
1686084581, 70.57499999999999, 54.25, 74.975
1686084584, 70.57499999999999, 43.9, 49.1125
1686084586, 66.22500000000001, 43.9, 49.1125
1686084589, 66.22500000000001, 43.9, 49.1125
1686084592, 66.22500000000001, 43.9, 49.1125
1686084595, 66.22500000000001, 43.9, 49.1125
1686084598, 66.22500000000001, 43.9, 79.57499999999999
1686084600, 84.0, 58.23, 79.57499999999999
1686084602, 84.0, 58.23, 79.57499999999999
1686084606, 84.0, 58.23, 79.57499999999999
1686084608, 84.0, 58.23, 79.57499999999999
1686084611, 84.0, 58.23, 79.57499999999999
1686084613, 84.0, 58.23, 72.6
1686084616, 75.825, 53.03, 72.6
1686084619, 75.825, 53.03, 72.6
1686084622, 75.825, 53.03, 72.6
1686084624, 75.825, 53.03, 72.6
1686084627, 75.825, 53.03, 72.6
1686084630, 63.97500000000001, 44.695, 58.0
1686084633, 63.97500000000001, 44.695, 58.0
1686084635, 63.97500000000001, 44.695, 58.0
1686084638, 63.97500000000001, 44.695, 58.0
1686084641, 63.97500000000001, 44.695, 58.0
1686084644, 63.97500000000001, 58.2, 81.7625
1686084647, 89.67500000000001, 58.2, 81.7625
1686084649, 89.67500000000001, 58.2, 81.7625
1686084652, 89.67500000000001, 58.2, 81.7625
1686084655, 89.67500000000001, 58.2, 81.7625
1686084658, 89.67500000000001, 58.2, 58.1875
1686084661, 65.075, 57.980000000000004, 58.1875
1686084663, 65.075, 57.980000000000004, 58.1875
1686084666, 65.075, 57.980000000000004, 58.1875
1686084668, 65.075, 57.980000000000004, 58.1875
1686084671, 65.075, 57.980000000000004, 58.1875
1686084674, 65.075, 43.3, 56.662499999999994
1686084676, 54.725, 40.635, 56.662499999999994
1686084679, 54.725, 40.635, 56.662499999999994
1686084682, 54.725, 40.635, 56.662499999999994
1686084684, 54.725, 40.635, 56.662499999999994
1686084687, 54.725, 40.635, 56.662499999999994
1686084690, 56.825, 44.485, 52.037499999999994
1686084693, 56.825, 44.485, 52.037499999999994
1686084696, 56.825, 44.485, 52.037499999999994
1686084699, 56.825, 44.485, 52.037499999999994
1686084701, 56.825, 44.485, 52.037499999999994
1686084705, 72.15, 59.52499999999999, 78.075
1686084707, 89.475, 59.52499999999999, 78.075
1686084710, 89.475, 59.52499999999999, 78.075
1686084713, 89.475, 59.52499999999999, 78.075
1686084716, 89.475, 59.52499999999999, 78.075
1686084718, 89.475, 60.015, 80.11250000000001
1686084722, 65.35000000000001, 58.745000000000005, 80.11250000000001
1686084725, 65.35000000000001, 58.745000000000005, 80.11250000000001
1686084727, 65.35000000000001, 58.745000000000005, 80.11250000000001
1686084729, 65.35000000000001, 58.745000000000005, 80.11250000000001
1686084732, 65.35000000000001, 58.745000000000005, 80.11250000000001
1686084736, 62.1, 44.445, 45.2625
1686084738, 62.1, 44.445, 45.2625
1686084741, 62.1, 44.445, 45.2625
1686084744, 62.1, 44.445, 45.2625
1686084747, 62.1, 44.445, 45.2625
1686084750, 59.35, 48.05, 57.8125
1686084753, 59.35, 48.05, 57.8125
1686084755, 59.35, 48.05, 57.8125
1686084759, 59.35, 48.05, 57.8125
1686084763, 59.35, 48.05, 69.76249999999999
1686084765, 83.22500000000001, 57.49, 78.25
1686084768, 83.22500000000001, 57.49, 78.25
1686084770, 83.22500000000001, 57.49, 78.25
1686084773, 83.22500000000001, 57.49, 78.25
1686084776, 83.22500000000001, 57.49, 78.25
1686084779, 83.22500000000001, 53.245, 71.4
1686084782, 65.9, 53.245, 71.4
1686084784, 65.9, 53.245, 71.4
1686084787, 65.9, 53.245, 71.4
1686084790, 65.9, 53.245, 71.4
1686084792, 65.9, 53.245, 66.3875
1686084795, 60.025000000000006, 46.085, 51.012499999999996
1686084798, 60.025000000000006, 46.085, 51.012499999999996
1686084800, 60.025000000000006, 46.085, 51.012499999999996
1686084803, 60.025000000000006, 46.085, 51.012499999999996
1686084805, 60.025000000000006, 46.085, 51.012499999999996
1686084808, 60.025000000000006, 46.085, 82.9
1686084811, 85.8, 56.36, 82.9
1686084813, 85.8, 56.36, 82.9
1686084815, 85.8, 56.36, 82.9
1686084818, 85.8, 56.36, 82.9
1686084821, 85.8, 56.36, 82.9
1686084824, 85.8, 53.36, 61.675
1686084827, 71.825, 53.36, 61.675
1686084830, 71.825, 53.36, 61.675
1686084833, 71.825, 53.36, 61.675
1686084835, 71.825, 53.36, 61.675
1686084838, 71.825, 53.36, 57.5
1686084841, 62.725, 44.515, 57.5
1686084844, 62.725, 44.515, 57.5
1686084847, 62.725, 44.515, 57.5
1686084850, 62.725, 44.515, 57.5
1686084852, 62.725, 44.515, 57.5
1686084855, 90.25000000000001, 60.925, 81.5625
1686084858, 90.25000000000001, 60.925, 81.5625
1686084860, 90.25000000000001, 60.925, 81.5625
1686084862, 90.25000000000001, 60.925, 81.5625
1686084865, 90.25000000000001, 60.925, 81.5625
1686084867, 90.25000000000001, 60.925, 81.5625
1686084869, 69.1, 55.73, 66.6625
1686084872, 69.1, 55.73, 66.6625
1686084875, 69.1, 55.73, 66.6625
1686084878, 69.1, 55.73, 66.6625
1686084881, 69.1, 55.73, 66.6625
1686084884, 69.1, 55.87, 55.0625
1686084886, 65.825, 46.84, 55.0625
1686084889, 65.825, 46.84, 55.0625
1686084893, 65.825, 46.84, 55.0625
1686084895, 65.825, 46.84, 55.0625
1686084898, 65.825, 46.84, 77.0
1686084900, 85.44999999999999, 60.330000000000005, 77.0
1686084903, 85.44999999999999, 60.330000000000005, 77.0
1686084905, 85.44999999999999, 60.330000000000005, 77.0
1686084908, 85.44999999999999, 60.330000000000005, 77.0
1686084910, 85.44999999999999, 60.330000000000005, 77.0
1686084912, 85.44999999999999, 60.330000000000005, 77.0
1686084915, 66.675, 55.31, 75.475
1686084918, 66.675, 55.31, 75.475
1686084921, 66.675, 55.31, 75.475
1686084924, 66.675, 55.31, 75.475
1686084927, 66.675, 55.31, 75.475
1686084930, 68.95, 46.18, 55.737500000000004
1686084932, 68.95, 46.18, 55.737500000000004
1686084935, 68.95, 46.18, 55.737500000000004
1686084937, 68.95, 46.18, 55.737500000000004
1686084941, 68.95, 46.18, 55.737500000000004
1686084944, 68.95, 60.39, 81.55
1686084947, 84.075, 60.39, 81.55
1686084950, 84.075, 60.39, 81.55
1686084953, 84.075, 60.39, 81.55
1686084955, 84.075, 60.39, 81.55
1686084958, 84.075, 60.39, 70.7875
1686084961, 68.275, 50.800000000000004, 65.6375
1686084964, 68.275, 50.800000000000004, 65.6375
1686084966, 68.275, 50.800000000000004, 65.6375
1686084969, 68.275, 50.800000000000004, 65.6375
1686084972, 68.275, 50.800000000000004, 65.6375
1686084974, 67.85, 47.160000000000004, 65.475
1686084977, 70.9, 47.160000000000004, 65.475
1686084980, 70.9, 47.160000000000004, 65.475
1686084984, 70.9, 47.160000000000004, 65.475
1686084987, 70.9, 47.160000000000004, 65.475
1686084989, 91.5, 60.480000000000004, 78.625
1686084992, 91.5, 60.480000000000004, 78.625
1686084995, 91.5, 60.480000000000004, 78.625
1686084997, 91.5, 60.480000000000004, 78.625
1686085000, 91.5, 60.480000000000004, 78.625
1686085002, 91.5, 60.480000000000004, 78.625
1686085005, 60.6, 51.02, 69.525
1686085008, 60.6, 51.02, 69.525
1686085011, 60.6, 51.02, 69.525
1686085014, 60.6, 51.02, 69.525
1686085018, 60.6, 51.02, 58.25
1686085020, 63.225, 43.375, 49.41250000000001
1686085023, 63.225, 43.375, 49.41250000000001
1686085026, 63.225, 43.375, 49.41250000000001
1686085028, 63.225, 43.375, 49.41250000000001
1686085031, 63.225, 43.375, 49.41250000000001
1686085035, 69.9, 60.025, 81.0375
1686085038, 90.3, 60.025, 81.0375
1686085041, 90.3, 60.025, 81.0375
1686085044, 90.3, 60.025, 81.0375
1686085046, 90.3, 60.025, 81.0375
1686085048, 90.3, 52.435, 73.07499999999999
1686085051, 76.275, 52.435, 73.07499999999999
1686085054, 76.275, 52.435, 73.07499999999999
1686085056, 76.275, 52.435, 73.07499999999999
1686085059, 76.275, 52.435, 73.07499999999999
1686085062, 76.275, 52.435, 69.1125
1686085065, 66.025, 49.38, 62.375
1686085068, 66.025, 49.38, 62.375
1686085071, 66.025, 49.38, 62.375
1686085074, 66.025, 49.38, 62.375
1686085077, 66.025, 49.38, 77.35
1686085080, 86.47500000000001, 56.56, 84.975
1686085083, 86.47500000000001, 56.56, 84.975
1686085086, 86.47500000000001, 56.56, 84.975
1686085089, 86.47500000000001, 56.56, 84.975
1686085091, 86.47500000000001, 56.56, 84.975
1686085094, 86.47500000000001, 57.129999999999995, 64.97500000000001
1686085096, 68.075, 52.625, 64.97500000000001
1686085099, 68.075, 52.625, 64.97500000000001
1686085102, 68.075, 52.625, 64.97500000000001
1686085105, 68.075, 52.625, 64.97500000000001
1686085107, 68.075, 52.625, 64.97500000000001
1686085110, 65.97500000000001, 41.879999999999995, 52.962500000000006
1686085113, 65.97500000000001, 41.879999999999995, 52.962500000000006
1686085116, 65.97500000000001, 41.879999999999995, 52.962500000000006
1686085119, 65.97500000000001, 41.879999999999995, 52.962500000000006
1686085122, 65.97500000000001, 41.879999999999995, 52.962500000000006
1686085125, 90.7, 61.635, 84.7125
1686085128, 90.7, 61.635, 84.7125
1686085131, 90.7, 61.635, 84.7125
1686085134, 90.7, 61.635, 84.7125
1686085137, 90.7, 61.635, 84.7125
1686085139, 81.575, 52.205, 64.95
1686085142, 64.575, 52.205, 64.95
1686085146, 64.575, 52.205, 64.95
1686085148, 64.575, 52.205, 64.95
1686085151, 64.575, 52.205, 64.95
1686085155, 64.575, 46.269999999999996, 56.662499999999994
1686085157, 62.25, 46.269999999999996, 56.662499999999994
1686085160, 62.25, 46.269999999999996, 56.662499999999994
1686085162, 62.25, 46.269999999999996, 56.662499999999994
1686085166, 62.25, 46.269999999999996, 56.662499999999994
1686085169, 62.25, 58.8, 81.925
1686085172, 89.75, 58.8, 81.925
1686085175, 89.75, 58.8, 81.925
1686085177, 89.75, 58.8, 81.925
1686085180, 89.75, 58.8, 81.925
1686085183, 89.75, 58.8, 60.225
1686085186, 72.875, 54.535000000000004, 60.225
1686085189, 72.875, 54.535000000000004, 60.225
1686085192, 72.875, 54.535000000000004, 60.225
1686085195, 72.875, 54.535000000000004, 60.225
1686085197, 72.875, 54.535000000000004, 60.225
1686085199, 68.44999999999999, 43.644999999999996, 58.512499999999996
1686085203, 68.44999999999999, 43.644999999999996, 58.512499999999996
1686085205, 68.44999999999999, 43.644999999999996, 58.512499999999996
1686085208, 68.44999999999999, 43.644999999999996, 58.512499999999996
1686085210, 68.44999999999999, 43.644999999999996, 58.512499999999996
1686085213, 68.44999999999999, 43.644999999999996, 83.8875
1686085215, 91.15, 60.605000000000004, 83.8875
1686085218, 91.15, 60.605000000000004, 83.8875
1686085220, 91.15, 60.605000000000004, 83.8875
1686085223, 91.15, 60.605000000000004, 83.8875
1686085225, 91.15, 60.605000000000004, 83.8875
1686085228, 91.15, 60.605000000000004, 64.875
1686085231, 64.25, 52.71, 62.537499999999994
1686085234, 64.25, 52.71, 62.537499999999994
1686085236, 64.25, 52.71, 62.537499999999994
1686085238, 64.25, 52.71, 62.537499999999994
1686085241, 64.25, 52.71, 62.537499999999994
1686085243, 64.25, 46.47, 65.44999999999999
1686085245, 62.775, 46.47, 65.44999999999999
1686085248, 62.775, 46.47, 65.44999999999999
1686085251, 62.775, 46.47, 65.44999999999999
1686085254, 62.775, 46.47, 65.44999999999999
1686085256, 62.775, 46.47, 65.44999999999999
1686085259, 80.35, 62.81, 82.8625
1686085262, 90.5, 62.81, 82.8625
1686085264, 90.5, 62.81, 82.8625
1686085267, 90.5, 62.81, 82.8625
1686085270, 90.5, 62.81, 82.8625
1686085273, 90.5, 62.81, 59.8625
1686085275, 58.89999999999999, 51.265, 59.8625
1686085278, 58.89999999999999, 51.265, 59.8625
1686085280, 58.89999999999999, 51.265, 59.8625
1686085283, 58.89999999999999, 51.265, 59.8625
1686085286, 58.89999999999999, 51.265, 59.8625
1686085289, 58.89999999999999, 47.660000000000004, 60.65
1686085292, 63.725, 47.660000000000004, 60.65
1686085295, 63.725, 47.660000000000004, 60.65
1686085298, 63.725, 47.660000000000004, 60.65
1686085300, 63.725, 47.660000000000004, 60.65
1686085303, 63.725, 56.35, 79.725
1686085306, 91.375, 60.785000000000004, 79.725
1686085309, 91.375, 60.785000000000004, 79.725
1686085312, 91.375, 60.785000000000004, 79.725
1686085314, 91.375, 60.785000000000004, 79.725
1686085317, 91.375, 60.785000000000004, 79.725
1686085320, 69.725, 55.59, 68.38749999999999
1686085323, 69.725, 55.59, 68.38749999999999
1686085326, 69.725, 55.59, 68.38749999999999
1686085328, 69.725, 55.59, 68.38749999999999
1686085331, 69.725, 55.59, 68.38749999999999
1686085334, 69.725, 47.65, 60.375
1686085337, 72.95, 47.65, 60.375
1686085340, 72.95, 47.65, 60.375
1686085342, 72.95, 47.65, 60.375
1686085345, 72.95, 47.65, 60.375
1686085348, 72.95, 47.65, 79.775
1686085351, 90.82499999999999, 59.375, 79.775
1686085353, 90.82499999999999, 59.375, 79.775
1686085356, 90.82499999999999, 59.375, 79.775
1686085359, 90.82499999999999, 59.375, 79.775
1686085363, 90.82499999999999, 54.385000000000005, 75.25
1686085365, 70.72500000000001, 54.565, 75.25
1686085368, 70.72500000000001, 54.565, 75.25
1686085371, 70.72500000000001, 54.565, 75.25
1686085374, 70.72500000000001, 54.565, 75.25
1686085376, 70.72500000000001, 54.565, 75.25
1686085378, 74.92500000000001, 45.44499999999999, 53.75
1686085382, 67.92500000000001, 45.44499999999999, 53.75
1686085385, 67.92500000000001, 45.44499999999999, 53.75
1686085388, 67.92500000000001, 45.44499999999999, 53.75
1686085391, 67.92500000000001, 45.44499999999999, 53.75
1686085394, 67.92500000000001, 57.99, 80.925
1686085397, 87.4, 57.99, 80.925
1686085400, 87.4, 57.99, 80.925
1686085402, 87.4, 57.99, 80.925
1686085405, 87.4, 57.99, 80.925
1686085408, 87.4, 57.99, 59.974999999999994
1686085411, 79.075, 57.57000000000001, 59.974999999999994
1686085413, 79.075, 57.57000000000001, 59.974999999999994
1686085416, 79.075, 57.57000000000001, 59.974999999999994
1686085419, 79.075, 57.57000000000001, 59.974999999999994
1686085421, 79.075, 57.57000000000001, 59.974999999999994
1686085424, 79.075, 47.195, 64.375
1686085427, 65.625, 47.195, 64.375
1686085430, 65.625, 47.195, 64.375
1686085432, 65.625, 47.195, 64.375
1686085434, 65.625, 47.195, 64.375
1686085438, 65.625, 47.195, 76.30000000000001
1686085441, 87.92500000000001, 57.88, 76.30000000000001
1686085443, 87.92500000000001, 57.88, 76.30000000000001
1686085446, 87.92500000000001, 57.88, 76.30000000000001
1686085448, 87.92500000000001, 57.88, 76.30000000000001
1686085451, 87.92500000000001, 57.88, 76.30000000000001
1686085454, 87.92500000000001, 53.43, 69.85
1686085457, 70.45, 53.43, 69.85
1686085460, 70.45, 53.43, 69.85
1686085463, 70.45, 53.43, 69.85
1686085465, 70.45, 53.43, 69.85
1686085468, 70.45, 53.43, 49.4
1686085471, 60.95, 45.839999999999996, 49.4
1686085474, 60.95, 45.839999999999996, 49.4
1686085476, 60.95, 45.839999999999996, 49.4
1686085479, 60.95, 45.839999999999996, 49.4
1686085481, 60.95, 45.839999999999996, 49.4
1686085484, 67.575, 64.655, 78.05000000000001
1686085487, 89.875, 64.655, 78.05000000000001
1686085490, 89.875, 64.655, 78.05000000000001
1686085493, 89.875, 64.655, 78.05000000000001
1686085496, 89.875, 64.655, 78.05000000000001
1686085499, 89.875, 64.655, 75.6
1686085502, 67.22500000000001, 58.785, 75.6
1686085505, 67.22500000000001, 58.785, 75.6
1686085507, 67.22500000000001, 58.785, 75.6
1686085510, 67.22500000000001, 58.785, 75.6
1686085513, 67.22500000000001, 58.785, 52.975
1686085515, 64.85, 49.585, 52.975
1686085519, 64.85, 49.585, 52.975
1686085521, 64.85, 49.585, 52.975
1686085524, 64.85, 49.585, 52.975
1686085527, 64.85, 49.585, 52.975
1686085530, 87.85, 62.06999999999999, 80.9125
1686085533, 87.85, 62.06999999999999, 80.9125
1686085535, 87.85, 62.06999999999999, 80.9125
1686085538, 87.85, 62.06999999999999, 80.9125
1686085541, 87.85, 62.06999999999999, 80.9125
1686085544, 87.85, 62.06999999999999, 62.7625
1686085546, 66.85, 52.06, 62.7625
1686085549, 66.85, 52.06, 62.7625
1686085552, 66.85, 52.06, 62.7625
1686085555, 66.85, 52.06, 62.7625
1686085558, 66.85, 52.06, 57.95
1686085560, 69.825, 47.805, 57.95
1686085563, 69.825, 47.805, 57.95
1686085566, 69.825, 47.805, 57.95
1686085568, 69.825, 47.805, 57.95
1686085571, 69.825, 47.805, 57.95
1686085574, 69.825, 59.295, 83.625
1686085576, 85.70000000000002, 59.295, 83.625
1686085579, 85.70000000000002, 59.295, 83.625
1686085582, 85.70000000000002, 59.295, 83.625
1686085585, 85.70000000000002, 59.295, 83.625
1686085588, 85.70000000000002, 59.295, 65.3875
1686085591, 67.15, 54.94, 65.3875
1686085594, 67.15, 54.94, 65.3875
1686085596, 67.15, 54.94, 65.3875
1686085599, 67.15, 54.94, 65.3875
1686085602, 67.15, 54.94, 65.3875
1686085604, 67.15, 43.945, 64.9
1686085606, 54.400000000000006, 43.945, 64.9
1686085609, 54.400000000000006, 43.945, 64.9
1686085612, 54.400000000000006, 43.945, 64.9
1686085615, 54.400000000000006, 43.945, 64.9
1686085617, 54.400000000000006, 43.945, 64.9
1686085620, 85.45, 59.025, 75.98750000000001
1686085623, 85.45, 59.025, 75.98750000000001
1686085625, 85.45, 59.025, 75.98750000000001
1686085628, 85.45, 59.025, 75.98750000000001
1686085630, 85.45, 59.025, 75.98750000000001
1686085633, 85.45, 59.025, 71.7875
1686085635, 60.5, 48.485, 61.637499999999996
1686085638, 60.5, 48.485, 61.637499999999996
1686085642, 60.5, 48.485, 61.637499999999996
1686085645, 60.5, 48.485, 61.637499999999996
1686085648, 60.5, 48.485, 48.487500000000004
1686085650, 62.300000000000004, 46.974999999999994, 48.487500000000004
1686085653, 62.300000000000004, 46.974999999999994, 48.487500000000004
1686085655, 62.300000000000004, 46.974999999999994, 48.487500000000004
1686085659, 62.300000000000004, 46.974999999999994, 48.487500000000004
1686085662, 62.300000000000004, 46.974999999999994, 48.487500000000004
1686085665, 68.27499999999999, 61.455, 63.387499999999996
1686085667, 68.27499999999999, 61.455, 63.387499999999996
1686085670, 68.27499999999999, 61.455, 63.387499999999996
1686085673, 68.27499999999999, 61.455, 63.387499999999996
1686085676, 68.27499999999999, 61.455, 63.387499999999996
1686085679, 58.949999999999996, 42.269999999999996, 43.4
1686085682, 49.3, 42.269999999999996, 43.4
1686085684, 49.3, 42.269999999999996, 43.4
1686085688, 49.3, 42.269999999999996, 43.4
1686085691, 49.3, 42.269999999999996, 43.4
1686085694, 49.3, 39.06999999999999, 52.1875
1686085697, 47.525, 39.06999999999999, 52.1875
1686085700, 47.525, 39.06999999999999, 52.1875
1686085702, 47.525, 39.06999999999999, 52.1875
1686085705, 47.525, 39.06999999999999, 52.1875
1686085708, 47.525, 39.06999999999999, 48.85
1686085710, 47.974999999999994, 46.31, 48.85
1686085713, 47.974999999999994, 46.31, 48.85
1686085715, 47.974999999999994, 46.31, 48.85
1686085718, 47.974999999999994, 46.31, 48.85
1686085721, 47.974999999999994, 46.31, 48.85
1686085723, 47.974999999999994, 49.535, 48.337500000000006
1686085725, 52.64999999999999, 49.535, 48.337500000000006
1686085728, 52.64999999999999, 49.535, 48.337500000000006
1686085730, 52.64999999999999, 49.535, 48.337500000000006
1686085732, 52.64999999999999, 49.535, 48.337500000000006
1686085735, 52.64999999999999, 49.535, 48.337500000000006
1686085737, 52.64999999999999, 49.535, 46.1
1686085740, 41.150000000000006, 42.235, 42.300000000000004
1686085744, 41.150000000000006, 42.235, 42.300000000000004
1686085747, 41.150000000000006, 42.235, 42.300000000000004
1686085749, 41.150000000000006, 42.235, 42.300000000000004
1686085753, 41.150000000000006, 42.235, 51.2
1686085755, 46.475, 42.625, 51.75
1686085757, 46.475, 42.625, 51.75
1686085760, 46.475, 42.625, 51.75
1686085763, 46.475, 42.625, 51.75
1686085765, 46.475, 42.625, 51.75
1686085768, 46.475, 42.625, 49.35
1686085770, 49.27499999999999, 45.03, 49.35
1686085773, 49.27499999999999, 45.03, 49.35
1686085776, 49.27499999999999, 45.03, 49.35
1686085778, 49.27499999999999, 45.03, 49.35
1686085781, 49.27499999999999, 45.03, 49.35
1686085784, 49.27499999999999, 39.565, 47.875
1686085787, 46.925, 39.565, 47.875
1686085789, 46.925, 39.565, 47.875
1686085792, 46.925, 39.565, 47.875
1686085794, 46.925, 39.565, 47.875
1686085797, 46.925, 39.565, 47.875
1686085800, 40.775000000000006, 35.625, 40.3125
1686085803, 40.775000000000006, 35.625, 40.3125
1686085805, 40.775000000000006, 35.625, 40.3125
1686085808, 40.775000000000006, 35.625, 40.3125
1686085811, 40.775000000000006, 35.625, 40.3125
1686085814, 40.775000000000006, 37.59, 47.962500000000006
1686085816, 42.824999999999996, 37.59, 47.962500000000006
1686085819, 42.824999999999996, 37.59, 47.962500000000006
1686085822, 42.824999999999996, 37.59, 47.962500000000006
1686085824, 42.824999999999996, 37.59, 47.962500000000006
1686085826, 42.824999999999996, 37.59, 47.962500000000006
1686085829, 42.824999999999996, 39.910000000000004, 46.8375
1686085831, 47.625, 39.910000000000004, 46.8375
1686085834, 47.625, 39.910000000000004, 46.8375
1686085836, 47.625, 39.910000000000004, 46.8375
1686085839, 47.625, 39.910000000000004, 46.8375
1686085841, 47.625, 39.910000000000004, 46.8375
1686085844, 47.625, 36.125, 43.787499999999994
1686085847, 45.0, 36.125, 43.787499999999994
1686085850, 45.0, 36.125, 43.787499999999994
1686085853, 45.0, 36.125, 43.787499999999994
1686085856, 45.0, 36.125, 43.787499999999994
1686085858, 45.0, 36.125, 40.625
1686085861, 40.725, 35.585, 40.625
1686085863, 40.725, 35.585, 40.625
1686085866, 40.725, 35.585, 40.625
1686085869, 40.725, 35.585, 40.625
1686085871, 40.725, 35.585, 40.625
1686085873, 40.725, 35.585, 38.3625
1686085876, 40.0, 35.185, 38.3625
1686085879, 40.0, 35.185, 38.3625
1686085881, 40.0, 35.185, 38.3625
1686085884, 40.0, 35.185, 38.3625
1686085887, 40.0, 35.185, 38.3625
1686085890, 45.97500000000001, 34.8, 38.1375
1686085893, 45.97500000000001, 34.8, 38.1375
1686085896, 45.97500000000001, 34.8, 38.1375
1686085899, 45.97500000000001, 34.8, 38.1375
1686085902, 45.97500000000001, 34.8, 38.1375
1686085905, 43.10000000000001, 34.205, 39.4875
1686085907, 41.675, 34.205, 39.4875
1686085910, 41.675, 34.205, 39.4875
1686085913, 41.675, 34.205, 39.4875
1686085915, 41.675, 34.205, 39.4875
1686085918, 41.675, 34.205, 38.825
1686085920, 40.05, 32.79, 39.287499999999994
1686085923, 40.05, 32.79, 39.287499999999994
1686085926, 40.05, 32.79, 39.287499999999994
1686085928, 40.05, 32.79, 39.287499999999994
1686085931, 40.05, 32.79, 39.287499999999994
1686085935, 38.974999999999994, 36.115, 34.95
1686085937, 38.974999999999994, 36.115, 34.95
1686085940, 38.974999999999994, 36.115, 34.95
1686085943, 38.974999999999994, 36.115, 34.95
1686085946, 38.974999999999994, 36.115, 34.95
1686085949, 38.974999999999994, 35.74, 38.150000000000006
1686085952, 40.675000000000004, 35.74, 38.150000000000006
