1686079792, 41.4, 33.23500000000001, 35.8875
1686079794, 41.4, 33.23500000000001, 35.8875
1686079797, 41.4, 33.23500000000001, 35.8875
1686079799, 54.075, 68.28, 80.55000000000001
1686079802, 54.075, 68.28, 80.55000000000001
1686079812, 54.075, 68.28, 80.55000000000001
1686079819, 59.35, 76.17, 57.3625
1686079826, 59.35, 76.17, 57.3625
1686079831, 59.35, 67.15, 70.5375
1686079841, 48.65, 67.15, 70.5375
1686079844, 48.65, 67.15, 94.375
1686079846, 70.85, 88.35, 94.375
1686079848, 70.85, 88.35, 94.375
1686079851, 70.85, 88.35, 94.375
1686079854, 70.85, 88.35, 94.375
1686079856, 70.85, 88.35, 94.375
1686079859, 70.85, 74.685, 62.68750000000001
1686079861, 67.8, 74.685, 62.68750000000001
1686079863, 67.8, 74.685, 62.68750000000001
1686079866, 67.8, 74.685, 62.68750000000001
1686079869, 67.8, 74.685, 62.68750000000001
1686079871, 67.8, 74.685, 62.68750000000001
1686079874, 56.6, 65.96, 62.35
1686079877, 56.6, 65.96, 62.35
1686079879, 56.6, 65.96, 62.35
1686079882, 56.6, 65.96, 62.35
1686079884, 56.6, 65.96, 62.35
1686079887, 56.6, 65.96, 62.35
1686079889, 70.375, 78.77499999999999, 84.7625
1686079892, 70.375, 78.77499999999999, 84.7625
1686079894, 70.375, 78.77499999999999, 84.7625
1686079897, 70.375, 78.77499999999999, 84.7625
1686079900, 70.375, 78.77499999999999, 84.7625
1686079903, 70.375, 78.77499999999999, 72.5125
1686079905, 62.925000000000004, 69.30499999999999, 61.71249999999999
1686079908, 62.925000000000004, 69.30499999999999, 61.71249999999999
1686079911, 62.925000000000004, 69.30499999999999, 61.71249999999999
1686079914, 62.925000000000004, 69.30499999999999, 61.71249999999999
1686079917, 62.925000000000004, 69.30499999999999, 61.71249999999999
1686079919, 62.925000000000004, 54.555, 67.5
1686079922, 55.1, 54.555, 67.5
1686079924, 55.1, 54.555, 67.5
1686079926, 55.1, 54.555, 67.5
1686079930, 55.1, 54.555, 67.5
1686079934, 55.1, 74.50500000000001, 83.625
1686079936, 67.05000000000001, 81.455, 83.625
1686079939, 67.05000000000001, 81.455, 83.625
1686079943, 67.05000000000001, 81.455, 83.625
1686079946, 67.05000000000001, 81.455, 83.625
1686079948, 67.05000000000001, 81.455, 64.5625
1686079952, 61.849999999999994, 61.66, 64.5625
1686079954, 61.849999999999994, 61.66, 64.5625
1686079957, 61.849999999999994, 61.66, 64.5625
1686079960, 61.849999999999994, 61.66, 64.5625
1686079963, 61.849999999999994, 50.23, 59.337500000000006
1686079966, 52.224999999999994, 50.23, 59.337500000000006
1686079969, 52.224999999999994, 50.23, 59.337500000000006
1686079972, 52.224999999999994, 50.23, 59.337500000000006
1686079975, 52.224999999999994, 50.23, 59.337500000000006
1686079978, 52.224999999999994, 50.23, 78.3625
1686079980, 66.2, 78.945, 78.3625
1686079982, 66.2, 78.945, 78.3625
1686079984, 66.2, 78.945, 78.3625
1686079987, 66.2, 78.945, 78.3625
1686079990, 66.2, 78.945, 78.3625
1686079994, 66.2, 78.945, 77.375
1686079996, 69.75, 82.625, 77.375
1686079999, 69.75, 82.625, 77.375
1686080001, 69.75, 82.625, 77.375
1686080004, 69.75, 82.625, 77.375
1686080007, 69.75, 82.625, 77.375
1686080010, 63.075, 62.985, 72.5125
1686080013, 63.075, 62.985, 72.5125
1686080016, 63.075, 62.985, 72.5125
1686080019, 63.075, 62.985, 72.5125
1686080022, 63.075, 62.985, 72.5125
1686080024, 63.075, 61.065000000000005, 53.7625
1686080027, 50.125, 61.065000000000005, 53.7625
1686080029, 50.125, 61.065000000000005, 53.7625
1686080031, 50.125, 61.065000000000005, 53.7625
1686080035, 50.125, 61.065000000000005, 53.7625
1686080038, 50.125, 61.065000000000005, 82.7375
1686080041, 65.375, 77.69500000000001, 82.7375
1686080043, 65.375, 77.69500000000001, 82.7375
1686080046, 65.375, 77.69500000000001, 82.7375
1686080049, 65.375, 77.69500000000001, 82.7375
1686080052, 65.375, 77.69500000000001, 82.7375
1686080055, 63.8, 70.17, 53.912499999999994
1686080058, 63.8, 70.17, 53.912499999999994
1686080061, 63.8, 70.17, 53.912499999999994
1686080063, 63.8, 70.17, 53.912499999999994
1686080065, 63.8, 70.17, 53.912499999999994
1686080068, 63.8, 70.17, 63.025000000000006
1686080071, 47.199999999999996, 44.75, 63.025000000000006
1686080073, 47.199999999999996, 44.75, 63.025000000000006
1686080076, 47.199999999999996, 44.75, 63.025000000000006
1686080079, 47.199999999999996, 44.75, 63.025000000000006
1686080082, 47.199999999999996, 44.75, 63.025000000000006
1686080085, 68.2, 75.865, 76.83749999999999
1686080087, 68.2, 75.865, 76.83749999999999
1686080090, 68.2, 75.865, 76.83749999999999
1686080093, 68.2, 75.865, 76.83749999999999
1686080095, 68.2, 75.865, 76.83749999999999
1686080098, 68.2, 82.015, 83.5
1686080101, 71.8, 82.015, 83.5
1686080103, 71.8, 82.015, 83.5
1686080106, 71.8, 82.015, 83.5
1686080109, 71.8, 82.015, 83.5
1686080112, 71.8, 82.015, 83.5
1686080115, 69.3, 57.69499999999999, 60.8875
1686080118, 57.975, 57.69499999999999, 60.8875
1686080120, 57.975, 57.69499999999999, 60.8875
1686080123, 57.975, 57.69499999999999, 60.8875
1686080125, 57.975, 57.69499999999999, 60.8875
1686080128, 57.975, 57.69499999999999, 55.4
1686080130, 53.474999999999994, 64.75, 55.4
1686080133, 53.474999999999994, 64.75, 55.4
1686080136, 53.474999999999994, 64.75, 55.4
1686080138, 53.474999999999994, 64.75, 55.4
1686080141, 53.474999999999994, 64.75, 55.4
1686080144, 53.474999999999994, 76.865, 80.9625
1686080147, 71.7, 76.865, 80.9625
1686080150, 71.7, 76.865, 80.9625
1686080153, 71.7, 76.865, 80.9625
1686080155, 71.7, 76.865, 80.9625
1686080158, 71.7, 76.865, 66.1875
1686080161, 59.875, 70.31, 66.1875
1686080164, 59.875, 70.31, 66.1875
1686080166, 59.875, 70.31, 66.1875
1686080169, 59.875, 70.31, 66.1875
1686080171, 59.875, 70.31, 66.1875
1686080174, 54.7, 54.01, 62.6875
1686080176, 52.550000000000004, 54.01, 62.6875
1686080179, 52.550000000000004, 54.01, 62.6875
1686080182, 52.550000000000004, 54.01, 62.6875
1686080185, 52.550000000000004, 54.01, 62.6875
1686080188, 52.550000000000004, 54.01, 77.48750000000001
1686080191, 68.0, 80.43, 77.48750000000001
1686080194, 68.0, 80.43, 77.48750000000001
1686080196, 68.0, 80.43, 77.48750000000001
1686080199, 68.0, 80.43, 77.48750000000001
1686080202, 68.0, 80.43, 77.48750000000001
1686080204, 68.0, 57.269999999999996, 68.67500000000001
1686080207, 62.25, 57.269999999999996, 68.67500000000001
1686080209, 62.25, 57.269999999999996, 68.67500000000001
1686080213, 62.25, 57.269999999999996, 68.67500000000001
1686080216, 62.25, 57.269999999999996, 68.67500000000001
1686080219, 62.25, 62.364999999999995, 53.9
1686080221, 50.8, 62.364999999999995, 53.9
1686080224, 50.8, 62.364999999999995, 53.9
1686080227, 50.8, 62.364999999999995, 53.9
1686080229, 50.8, 62.364999999999995, 53.9
1686080232, 50.8, 62.364999999999995, 53.9
1686080235, 69.625, 79.10999999999999, 81.725
1686080238, 69.625, 79.10999999999999, 81.725
1686080241, 69.625, 79.10999999999999, 81.725
1686080244, 69.625, 79.10999999999999, 81.725
1686080247, 69.625, 79.10999999999999, 81.725
1686080250, 69.625, 75.795, 66.125
1686080252, 62.3, 75.795, 66.125
1686080255, 62.3, 75.795, 66.125
1686080258, 62.3, 75.795, 66.125
1686080260, 62.3, 75.795, 66.125
1686080264, 62.3, 53.97, 57.06249999999999
1686080266, 53.325, 49.44, 57.06249999999999
1686080269, 53.325, 49.44, 57.06249999999999
1686080272, 53.325, 49.44, 57.06249999999999
1686080275, 53.325, 49.44, 57.06249999999999
1686080277, 53.325, 49.44, 69.14999999999999
1686080280, 66.17500000000001, 76.815, 80.2875
1686080283, 66.17500000000001, 76.815, 80.2875
1686080285, 66.17500000000001, 76.815, 80.2875
1686080288, 66.17500000000001, 76.815, 80.2875
1686080290, 66.17500000000001, 76.815, 80.2875
1686080293, 66.17500000000001, 76.815, 69.975
1686080296, 66.275, 76.415, 69.975
1686080298, 66.275, 76.415, 69.975
1686080301, 66.275, 76.415, 69.975
1686080303, 66.275, 76.415, 69.975
1686080306, 66.275, 76.415, 69.975
1686080308, 66.275, 61.5, 67.675
1686080311, 48.025000000000006, 61.5, 67.675
1686080314, 48.025000000000006, 61.5, 67.675
1686080317, 48.025000000000006, 61.5, 67.675
1686080320, 48.025000000000006, 61.5, 67.675
1686080323, 48.025000000000006, 61.5, 77.5125
1686080325, 65.45, 73.83, 77.5125
1686080327, 65.45, 73.83, 77.5125
1686080330, 65.45, 73.83, 77.5125
1686080333, 65.45, 73.83, 77.5125
1686080336, 65.45, 73.83, 77.5125
1686080339, 65.45, 75.78, 80.5
1686080343, 64.775, 75.78, 80.5
1686080346, 64.775, 75.78, 80.5
1686080348, 64.775, 75.78, 80.5
1686080351, 64.775, 75.78, 80.5
1686080354, 64.775, 74.19, 59.025
1686080357, 63.275, 74.19, 59.025
1686080360, 63.275, 74.19, 59.025
1686080362, 63.275, 74.19, 59.025
1686080365, 63.275, 74.19, 59.025
1686080367, 63.275, 74.19, 63.487500000000004
1686080370, 52.45, 56.09, 63.25000000000001
1686080373, 52.45, 56.09, 63.25000000000001
1686080375, 52.45, 56.09, 63.25000000000001
1686080378, 52.45, 56.09, 63.25000000000001
1686080381, 52.45, 56.09, 63.25000000000001
1686080383, 52.45, 78.28, 78.9625
1686080386, 66.95, 78.28, 78.9625
1686080388, 66.95, 78.28, 78.9625
1686080391, 66.95, 78.28, 78.9625
1686080394, 66.95, 78.28, 78.9625
1686080397, 66.95, 78.28, 78.9625
1686080400, 64.5, 75.08, 74.98750000000001
1686080402, 64.5, 75.08, 74.98750000000001
1686080404, 64.5, 75.08, 74.98750000000001
1686080406, 64.5, 75.08, 74.98750000000001
1686080409, 64.5, 75.08, 74.98750000000001
1686080412, 64.5, 75.08, 74.98750000000001
1686080415, 71.825, 78.86, 82.3625
1686080418, 71.825, 78.86, 82.3625
1686080420, 71.825, 78.86, 82.3625
1686080423, 71.825, 78.86, 82.3625
1686080426, 71.825, 78.86, 82.3625
1686080429, 71.825, 78.86, 68.4
1686080432, 57.925, 69.555, 68.4
1686080436, 57.925, 69.555, 68.4
1686080438, 57.925, 69.555, 68.4
1686080441, 57.925, 69.555, 68.4
1686080444, 57.925, 64.79, 63.95
1686080446, 57.35, 62.02000000000001, 63.95
1686080449, 57.35, 62.02000000000001, 63.95
1686080452, 57.35, 62.02000000000001, 63.95
1686080455, 57.35, 62.02000000000001, 63.95
1686080458, 57.35, 62.02000000000001, 83.8875
1686080460, 67.625, 77.01, 83.8875
1686080463, 67.625, 77.01, 83.8875
1686080466, 67.625, 77.01, 83.8875
1686080468, 67.625, 77.01, 83.8875
1686080471, 67.625, 77.01, 83.8875
1686080474, 67.625, 66.625, 57.825
1686080477, 56.925000000000004, 66.625, 57.825
1686080480, 56.925000000000004, 66.625, 57.825
1686080483, 56.925000000000004, 66.625, 57.825
1686080485, 56.925000000000004, 66.625, 57.825
1686080488, 56.925000000000004, 66.625, 62.25
1686080491, 50.525, 54.7, 62.25
1686080493, 50.525, 54.7, 62.25
1686080496, 50.525, 54.7, 62.25
1686080498, 50.525, 54.7, 62.25
1686080501, 50.525, 54.7, 62.25
1686080504, 50.525, 61.83, 80.96249999999999
1686080506, 71.025, 79.09, 80.96249999999999
1686080509, 71.025, 79.09, 80.96249999999999
1686080512, 71.025, 79.09, 80.96249999999999
1686080515, 71.025, 79.09, 80.96249999999999
1686080518, 71.025, 79.09, 64.1125
1686080521, 64.825, 70.65499999999999, 64.1125
1686080524, 64.825, 70.65499999999999, 64.1125
1686080526, 64.825, 70.65499999999999, 64.1125
1686080529, 64.825, 70.65499999999999, 64.1125
1686080531, 64.825, 70.65499999999999, 64.1125
1686080534, 64.825, 57.25999999999999, 66.35
1686080536, 52.1, 57.25999999999999, 66.35
1686080539, 52.1, 57.25999999999999, 66.35
1686080541, 52.1, 57.25999999999999, 66.35
1686080544, 52.1, 57.25999999999999, 66.35
1686080546, 52.1, 57.25999999999999, 66.35
1686080548, 52.1, 76.975, 78.5625
1686080551, 64.60000000000001, 76.975, 78.5625
1686080554, 64.60000000000001, 76.975, 78.5625
1686080556, 64.60000000000001, 76.975, 78.5625
1686080559, 64.60000000000001, 76.975, 78.5625
1686080563, 64.60000000000001, 76.975, 83.64999999999999
1686080566, 65.875, 76.965, 83.64999999999999
1686080569, 65.875, 76.965, 83.64999999999999
1686080572, 65.875, 76.965, 83.64999999999999
1686080575, 65.875, 76.965, 83.64999999999999
1686080577, 65.875, 76.965, 83.64999999999999
1686080579, 60.825, 73.325, 56.49999999999999
1686080583, 60.825, 73.325, 56.49999999999999
1686080586, 60.825, 73.325, 56.49999999999999
1686080589, 60.825, 73.325, 56.49999999999999
1686080591, 60.825, 73.325, 56.49999999999999
1686080594, 49.725, 56.31, 64.0
1686080597, 47.95, 56.31, 64.0
1686080599, 47.95, 56.31, 64.0
1686080602, 47.95, 56.31, 64.0
1686080605, 47.95, 56.31, 64.0
1686080607, 47.95, 56.31, 80.46249999999999
1686080610, 68.425, 79.025, 80.46249999999999
1686080613, 68.425, 79.025, 80.46249999999999
1686080615, 68.425, 79.025, 80.46249999999999
1686080618, 68.425, 79.025, 80.46249999999999
1686080621, 68.425, 79.025, 80.46249999999999
1686080624, 68.425, 66.555, 56.325
1686080626, 61.675, 66.555, 56.325
1686080629, 61.675, 66.555, 56.325
1686080632, 61.675, 66.555, 56.325
1686080634, 61.675, 66.555, 56.325
1686080638, 61.675, 66.555, 70.08749999999999
1686080640, 54.875, 53.98, 70.08749999999999
1686080643, 54.875, 53.98, 70.08749999999999
1686080646, 54.875, 53.98, 70.08749999999999
1686080648, 54.875, 53.98, 70.08749999999999
1686080652, 54.875, 53.98, 70.08749999999999
1686080654, 72.32499999999999, 80.6, 80.65
1686080656, 72.32499999999999, 80.6, 80.65
1686080659, 72.32499999999999, 80.6, 80.65
1686080662, 72.32499999999999, 80.6, 80.65
1686080665, 72.32499999999999, 80.6, 80.65
1686080668, 72.32499999999999, 80.6, 67.225
1686080671, 56.75, 56.09, 67.225
1686080674, 56.75, 56.09, 67.225
1686080676, 56.75, 56.09, 67.225
1686080679, 56.75, 56.09, 67.225
1686080682, 56.75, 56.09, 67.225
1686080685, 51.125, 57.96, 56.287499999999994
1686080687, 51.125, 57.96, 56.287499999999994
1686080690, 51.125, 57.96, 56.287499999999994
1686080693, 51.125, 57.96, 56.287499999999994
1686080695, 51.125, 57.96, 56.287499999999994
1686080698, 51.125, 57.96, 78.1125
1686080701, 73.55, 83.25, 78.1125
1686080703, 73.55, 83.25, 78.1125
1686080707, 73.55, 83.25, 78.1125
1686080709, 73.55, 83.25, 78.1125
1686080712, 73.55, 83.25, 78.1125
1686080715, 61.55, 59.51, 67.3625
1686080718, 61.55, 59.51, 67.3625
1686080720, 61.55, 59.51, 67.3625
1686080723, 61.55, 59.51, 67.3625
1686080725, 61.55, 59.51, 67.3625
1686080728, 61.55, 59.51, 54.087500000000006
1686080731, 43.775, 55.78, 54.087500000000006
1686080734, 43.775, 55.78, 54.087500000000006
1686080736, 43.775, 55.78, 54.087500000000006
1686080739, 43.775, 55.78, 54.087500000000006
1686080743, 43.775, 55.78, 80.2375
1686080745, 70.575, 80.04499999999999, 80.2375
1686080748, 70.575, 80.04499999999999, 80.2375
1686080751, 70.575, 80.04499999999999, 80.2375
1686080753, 70.575, 80.04499999999999, 80.2375
1686080756, 70.575, 80.04499999999999, 80.2375
1686080759, 70.575, 80.04499999999999, 59.125
1686080762, 61.4, 71.45, 59.125
1686080765, 61.4, 71.45, 59.125
1686080769, 61.4, 71.45, 59.125
1686080771, 61.4, 71.45, 59.125
1686080775, 61.4, 52.42, 60.9875
1686080778, 51.325, 52.42, 60.9875
1686080781, 51.325, 52.42, 60.9875
1686080784, 51.325, 52.42, 60.9875
1686080786, 51.325, 52.42, 60.9875
1686080788, 51.325, 77.67, 77.2125
1686080791, 67.44999999999999, 77.67, 77.2125
1686080794, 67.44999999999999, 77.67, 77.2125
1686080796, 67.44999999999999, 77.67, 77.2125
1686080799, 67.44999999999999, 77.67, 77.2125
1686080801, 67.44999999999999, 77.67, 77.2125
1686080804, 67.44999999999999, 78.285, 84.85
1686080807, 68.875, 78.285, 84.85
1686080810, 68.875, 78.285, 84.85
1686080813, 68.875, 78.285, 84.85
1686080815, 68.875, 78.285, 84.85
1686080818, 68.875, 78.285, 65.375
1686080821, 66.3, 68.49, 58.95
1686080824, 66.3, 68.49, 58.95
1686080826, 66.3, 68.49, 58.95
1686080829, 66.3, 68.49, 58.95
1686080831, 66.3, 68.49, 58.95
1686080834, 66.3, 68.49, 66.2875
1686080837, 57.125, 57.765, 66.2875
1686080839, 57.125, 57.765, 66.2875
1686080842, 57.125, 57.765, 66.2875
1686080845, 57.125, 57.765, 66.2875
1686080848, 57.125, 57.765, 76.975
1686080851, 67.025, 77.905, 76.975
1686080853, 67.025, 77.905, 76.975
1686080855, 67.025, 77.905, 76.975
1686080858, 67.025, 77.905, 76.975
1686080861, 67.025, 77.905, 76.975
1686080864, 67.025, 77.905, 71.5375
1686080866, 67.875, 70.745, 71.5375
1686080869, 67.875, 70.745, 71.5375
1686080871, 67.875, 70.745, 71.5375
1686080874, 67.875, 70.745, 71.5375
1686080877, 67.875, 70.745, 71.5375
1686080879, 72.625, 76.52000000000001, 81.125
1686080882, 72.625, 76.52000000000001, 81.125
1686080885, 72.625, 76.52000000000001, 81.125
1686080887, 72.625, 76.52000000000001, 81.125
1686080890, 72.625, 76.52000000000001, 81.125
1686080893, 72.625, 76.52000000000001, 65.55000000000001
1686080896, 61.8, 75.04, 63.3375
1686080898, 61.8, 75.04, 63.3375
1686080901, 61.8, 75.04, 63.3375
1686080904, 61.8, 75.04, 63.3375
1686080907, 61.8, 75.04, 63.3375
1686080910, 46.3, 58.28999999999999, 63.1625
1686080912, 46.3, 58.28999999999999, 63.1625
1686080915, 46.3, 58.28999999999999, 63.1625
1686080918, 46.3, 58.28999999999999, 63.1625
1686080920, 46.3, 58.28999999999999, 63.1625
1686080923, 46.3, 58.28999999999999, 81.0
1686080925, 67.07499999999999, 77.8, 81.0
1686080928, 67.07499999999999, 77.8, 81.0
1686080931, 67.07499999999999, 77.8, 81.0
1686080933, 67.07499999999999, 77.8, 81.0
1686080936, 67.07499999999999, 77.8, 81.0
1686080938, 67.07499999999999, 77.8, 71.125
1686080941, 59.3, 72.17500000000001, 54.81250000000001
1686080944, 59.3, 72.17500000000001, 54.81250000000001
1686080946, 59.3, 72.17500000000001, 54.81250000000001
1686080949, 59.3, 72.17500000000001, 54.81250000000001
1686080951, 59.3, 72.17500000000001, 54.81250000000001
1686080955, 55.475, 63.92499999999999, 70.2625
1686080957, 55.824999999999996, 63.92499999999999, 70.2625
1686080959, 55.824999999999996, 63.92499999999999, 70.2625
1686080961, 55.824999999999996, 63.92499999999999, 70.2625
1686080964, 55.824999999999996, 63.92499999999999, 70.2625
1686080966, 55.824999999999996, 63.92499999999999, 70.2625
1686080969, 64.175, 79.58000000000001, 77.475
1686080971, 69.67500000000001, 79.58000000000001, 77.475
1686080974, 69.67500000000001, 79.58000000000001, 77.475
1686080977, 69.67500000000001, 79.58000000000001, 77.475
1686080979, 69.67500000000001, 79.58000000000001, 77.475
1686080982, 69.67500000000001, 79.58000000000001, 77.475
1686080985, 73.025, 79.38, 77.8125
1686080988, 73.025, 79.38, 77.8125
1686080991, 73.025, 79.38, 77.8125
1686080993, 73.025, 79.38, 77.8125
1686080996, 73.025, 79.38, 77.8125
1686080998, 73.025, 80.055, 77.3875
1686081001, 67.4, 78.985, 77.3875
1686081003, 67.4, 78.985, 77.3875
1686081006, 67.4, 78.985, 77.3875
1686081009, 67.4, 78.985, 77.3875
1686081011, 67.4, 78.985, 77.3875
1686081014, 67.4, 76.13, 76.5875
1686081016, 68.625, 76.13, 76.5875
1686081019, 68.625, 76.13, 76.5875
1686081022, 68.625, 76.13, 76.5875
1686081025, 68.625, 76.13, 76.5875
1686081028, 68.625, 76.13, 81.5875
1686081031, 67.975, 80.91, 81.5875
1686081034, 67.975, 80.91, 81.5875
1686081037, 67.975, 80.91, 81.5875
1686081040, 67.975, 80.91, 81.5875
1686081043, 67.975, 80.91, 64.2
1686081045, 59.25, 66.245, 56.462500000000006
1686081048, 59.25, 66.245, 56.462500000000006
1686081050, 59.25, 66.245, 56.462500000000006
1686081053, 59.25, 66.245, 56.462500000000006
1686081056, 59.25, 66.245, 56.462500000000006
1686081059, 59.25, 56.225, 70.275
1686081061, 55.125, 56.225, 70.275
1686081064, 55.125, 56.225, 70.275
1686081067, 55.125, 56.225, 70.275
1686081069, 55.125, 56.225, 70.275
1686081072, 55.125, 56.225, 70.275
1686081074, 58.7, 83.505, 78.8
1686081077, 61.725, 83.505, 78.8
1686081080, 61.725, 83.505, 78.8
1686081082, 61.725, 83.505, 78.8
1686081085, 61.725, 83.505, 78.8
1686081087, 61.725, 83.505, 78.8
1686081090, 56.4, 59.89, 64.97500000000001
1686081093, 56.4, 59.89, 64.97500000000001
1686081095, 56.4, 59.89, 64.97500000000001
1686081098, 56.4, 59.89, 64.97500000000001
1686081101, 56.4, 59.89, 64.97500000000001
1686081104, 56.4, 62.96, 57.512499999999996
1686081106, 54.150000000000006, 62.96, 57.512499999999996
1686081109, 54.150000000000006, 62.96, 57.512499999999996
1686081112, 54.150000000000006, 62.96, 57.512499999999996
1686081115, 54.150000000000006, 62.96, 57.512499999999996
1686081117, 54.150000000000006, 62.96, 73.7625
1686081120, 66.575, 75.035, 80.9375
1686081123, 66.575, 75.035, 80.9375
1686081126, 66.575, 75.035, 80.9375
1686081128, 66.575, 75.035, 80.9375
1686081131, 66.575, 75.035, 80.9375
1686081134, 66.575, 73.73, 63.5125
1686081137, 67.3, 73.73, 63.5125
1686081139, 67.3, 73.73, 63.5125
1686081142, 67.3, 73.73, 63.5125
1686081145, 67.3, 73.73, 63.5125
1686081147, 67.3, 73.73, 60.462500000000006
1686081150, 54.475, 52.74, 60.462500000000006
1686081154, 54.475, 52.74, 60.462500000000006
1686081156, 54.475, 52.74, 60.462500000000006
1686081159, 54.475, 52.74, 60.462500000000006
1686081161, 54.475, 52.74, 60.462500000000006
1686081164, 54.475, 82.36500000000001, 78.8375
1686081166, 70.525, 82.36500000000001, 78.8375
1686081169, 70.525, 82.36500000000001, 78.8375
1686081172, 70.525, 82.36500000000001, 78.8375
1686081174, 70.525, 82.36500000000001, 78.8375
1686081177, 70.525, 82.36500000000001, 78.8375
1686081179, 60.825, 49.489999999999995, 66.19999999999999
1686081182, 60.825, 49.489999999999995, 66.19999999999999
1686081185, 60.825, 49.489999999999995, 66.19999999999999
1686081187, 60.825, 49.489999999999995, 66.19999999999999
1686081189, 60.825, 49.489999999999995, 66.19999999999999
1686081192, 60.825, 49.489999999999995, 66.19999999999999
1686081195, 54.875, 60.935, 54.7625
1686081197, 54.875, 60.935, 54.7625
1686081200, 54.875, 60.935, 54.7625
1686081202, 54.875, 60.935, 54.7625
1686081205, 54.875, 60.935, 54.7625
1686081208, 54.875, 60.935, 73.6
1686081210, 70.5, 79.355, 81.11250000000001
1686081212, 70.5, 79.355, 81.11250000000001
1686081214, 70.5, 79.355, 81.11250000000001
1686081217, 70.5, 79.355, 81.11250000000001
1686081219, 70.5, 79.355, 81.11250000000001
1686081222, 70.5, 79.355, 81.11250000000001
1686081225, 65.72500000000001, 73.13, 62.375
1686081228, 65.72500000000001, 73.13, 62.375
1686081230, 65.72500000000001, 73.13, 62.375
1686081234, 65.72500000000001, 73.13, 62.375
1686081236, 65.72500000000001, 73.13, 62.375
1686081239, 65.72500000000001, 54.81, 56.8
1686081242, 45.775, 54.81, 56.8
1686081244, 45.775, 54.81, 56.8
1686081247, 45.775, 54.81, 56.8
1686081250, 45.775, 54.81, 56.8
1686081253, 45.775, 54.81, 62.387499999999996
1686081255, 56.95, 66.565, 63.7125
1686081258, 56.95, 66.565, 63.7125
1686081261, 56.95, 66.565, 63.7125
1686081264, 56.95, 66.565, 63.7125
1686081266, 56.95, 66.565, 63.7125
1686081269, 56.95, 61.25, 50.449999999999996
1686081272, 48.85, 50.17, 50.449999999999996
1686081275, 48.85, 50.17, 50.449999999999996
1686081277, 48.85, 50.17, 50.449999999999996
1686081280, 48.85, 50.17, 50.449999999999996
1686081282, 48.85, 50.17, 50.449999999999996
1686081285, 43.725, 41.69499999999999, 43.6
1686081287, 43.725, 41.69499999999999, 43.6
1686081292, 43.725, 41.69499999999999, 43.6
1686081295, 43.725, 41.69499999999999, 43.6
1686081298, 43.725, 45.86, 47.400000000000006
1686081301, 48.95, 45.86, 47.400000000000006
1686081303, 48.95, 45.86, 47.400000000000006
1686081306, 48.95, 45.86, 47.400000000000006
1686081309, 48.95, 45.86, 47.400000000000006
1686081311, 48.95, 45.86, 47.400000000000006
1686081314, 48.95, 52.905, 52.4125
1686081316, 48.875, 52.905, 52.4125
1686081319, 48.875, 52.905, 52.4125
1686081322, 48.875, 52.905, 52.4125
1686081325, 48.875, 52.905, 52.4125
1686081327, 48.875, 52.905, 52.4125
1686081330, 44.025, 46.074999999999996, 43.075
1686081333, 44.025, 46.074999999999996, 43.075
1686081335, 44.025, 46.074999999999996, 43.075
1686081338, 44.025, 46.074999999999996, 43.075
1686081341, 44.025, 46.074999999999996, 43.075
1686081343, 44.025, 46.074999999999996, 39.9125
1686081346, 42.675, 41.925, 39.9125
1686081349, 42.675, 41.925, 39.9125
1686081352, 42.675, 41.925, 39.9125
1686081355, 42.675, 41.925, 39.9125
1686081358, 42.675, 41.925, 47.6875
1686081361, 46.324999999999996, 48.830000000000005, 47.6875
1686081364, 46.324999999999996, 48.830000000000005, 47.6875
1686081367, 46.324999999999996, 48.830000000000005, 47.6875
1686081369, 46.324999999999996, 48.830000000000005, 47.6875
1686081372, 46.324999999999996, 48.830000000000005, 47.6875
1686081374, 51.14999999999999, 53.4, 51.3625
1686081377, 52.099999999999994, 53.4, 51.3625
1686081380, 52.099999999999994, 53.4, 51.3625
1686081383, 52.099999999999994, 53.4, 51.3625
1686081385, 52.099999999999994, 53.4, 51.3625
1686081388, 52.099999999999994, 53.4, 38.3375
1686081391, 41.8, 42.614999999999995, 38.3375
1686081393, 41.8, 42.614999999999995, 38.3375
1686081396, 41.8, 42.614999999999995, 38.3375
1686081399, 41.8, 42.614999999999995, 38.3375
1686081402, 41.8, 42.614999999999995, 38.3375
1686081404, 40.525000000000006, 42.92, 39.074999999999996
1686081407, 40.525000000000006, 42.92, 39.074999999999996
1686081409, 40.525000000000006, 42.92, 39.074999999999996
1686081411, 40.525000000000006, 42.92, 39.074999999999996
1686081414, 40.525000000000006, 42.92, 39.074999999999996
1686081417, 40.525000000000006, 42.92, 39.074999999999996
1686081420, 41.05, 45.71, 45.775
1686081424, 42.2, 45.71, 45.775
1686081426, 42.2, 45.71, 45.775
1686081429, 42.2, 45.71, 45.775
1686081432, 42.2, 45.71, 45.775
1686081435, 49.85, 47.790000000000006, 56.95
1686081438, 49.85, 47.790000000000006, 56.95
1686081440, 49.85, 47.790000000000006, 56.95
1686081443, 49.85, 47.790000000000006, 56.95
1686081446, 49.85, 47.790000000000006, 56.95
1686081448, 49.85, 43.52, 39.675
1686081451, 42.7, 39.275, 39.675
1686081454, 42.7, 39.275, 39.675
1686081457, 42.7, 39.275, 39.675
1686081459, 42.7, 39.275, 39.675
1686081463, 42.7, 39.275, 35.925
1686081466, 39.575, 41.69, 35.925
1686081468, 39.575, 41.69, 35.925
1686081471, 39.575, 41.69, 35.925
1686081473, 39.575, 41.69, 35.925
1686081476, 39.575, 41.69, 35.925
1686081479, 39.575, 40.3, 39.125
